Hot water.Timestep;Time;HH1 - Kitchen - Kitchen Sink (10L/min) [L];HH1 - Garden - Bathroom Sink 5 L/Min [L];HH1 - Bath - Bathroom Sink 5 L/Min [L];HH1 - Bath - Shower 10 L/min [L]
0;16/04/2025 00:00;0;0;0;0
1;16/04/2025 00:01;0;0;0;0
2;16/04/2025 00:02;0;0;0;0
3;16/04/2025 00:03;0;0;0;0
4;16/04/2025 00:04;0;0;0;0
5;16/04/2025 00:05;0;0;0;0
6;16/04/2025 00:06;0;0;0;0
7;16/04/2025 00:07;0;0;0;0
8;16/04/2025 00:08;0;0;0;0
9;16/04/2025 00:09;0;0;0;0
10;16/04/2025 00:10;0;0;0;0
11;16/04/2025 00:11;0;0;0;0
12;16/04/2025 00:12;0;0;0;0
13;16/04/2025 00:13;0;0;0;0
14;16/04/2025 00:14;0;0;0;0
15;16/04/2025 00:15;0;0;0;0
16;16/04/2025 00:16;0;0;0;0
17;16/04/2025 00:17;0;0;0;0
18;16/04/2025 00:18;0;0;0;0
19;16/04/2025 00:19;0;0;0;0
20;16/04/2025 00:20;0;0;0;0
21;16/04/2025 00:21;0;0;0;0
22;16/04/2025 00:22;0;0;0;0
23;16/04/2025 00:23;0;0;0;0
24;16/04/2025 00:24;0;0;0;0
25;16/04/2025 00:25;0;0;0;0
26;16/04/2025 00:26;0;0;0;0
27;16/04/2025 00:27;0;0;0;0
28;16/04/2025 00:28;0;0;0;0
29;16/04/2025 00:29;0;0;0;0
30;16/04/2025 00:30;0;0;0;0
31;16/04/2025 00:31;0;0;0;0
32;16/04/2025 00:32;0;0;0;0
33;16/04/2025 00:33;0;0;0;0
34;16/04/2025 00:34;0;0;0;0
35;16/04/2025 00:35;0;0;0;0
36;16/04/2025 00:36;0;0;0;0
37;16/04/2025 00:37;0;0;0;0
38;16/04/2025 00:38;0;0;0;0
39;16/04/2025 00:39;0;0;0;0
40;16/04/2025 00:40;0;0;0;0
41;16/04/2025 00:41;0;0;0;0
42;16/04/2025 00:42;0;0;0;0
43;16/04/2025 00:43;0;0;0;0
44;16/04/2025 00:44;0;0;0;0
45;16/04/2025 00:45;0;0;0;0
46;16/04/2025 00:46;0;0;0;0
47;16/04/2025 00:47;0;0;0;0
48;16/04/2025 00:48;0;0;0;0
49;16/04/2025 00:49;0;0;0;0
50;16/04/2025 00:50;0;0;0;0
51;16/04/2025 00:51;0;0;0;0
52;16/04/2025 00:52;0;0;0;0
53;16/04/2025 00:53;0;0;0;0
54;16/04/2025 00:54;0;0;0;0
55;16/04/2025 00:55;0;0;0;0
56;16/04/2025 00:56;0;0;0;0
57;16/04/2025 00:57;0;0;0;0
58;16/04/2025 00:58;0;0;0;0
59;16/04/2025 00:59;0;0;0;0
60;16/04/2025 01:00;0;0;0;0
61;16/04/2025 01:01;0;0;0;0
62;16/04/2025 01:02;0;0;0;0
63;16/04/2025 01:03;0;0;0;0
64;16/04/2025 01:04;0;0;0;0
65;16/04/2025 01:05;0;0;0;0
66;16/04/2025 01:06;0;0;0;0
67;16/04/2025 01:07;0;0;0;0
68;16/04/2025 01:08;0;0;0;0
69;16/04/2025 01:09;0;0;0;0
70;16/04/2025 01:10;0;0;0;0
71;16/04/2025 01:11;0;0;0;0
72;16/04/2025 01:12;0;0;0;0
73;16/04/2025 01:13;0;0;0;0
74;16/04/2025 01:14;0;0;0;0
75;16/04/2025 01:15;0;0;0;0
76;16/04/2025 01:16;0;0;0;0
77;16/04/2025 01:17;0;0;0;0
78;16/04/2025 01:18;0;0;0;0
79;16/04/2025 01:19;0;0;0;0
80;16/04/2025 01:20;0;0;0;0
81;16/04/2025 01:21;0;0;0;0
82;16/04/2025 01:22;0;0;0;0
83;16/04/2025 01:23;0;0;0;0
84;16/04/2025 01:24;0;0;0;0
85;16/04/2025 01:25;0;0;0;0
86;16/04/2025 01:26;0;0;0;0
87;16/04/2025 01:27;0;0;0;0
88;16/04/2025 01:28;0;0;0;0
89;16/04/2025 01:29;0;0;0;0
90;16/04/2025 01:30;0;0;0;0
91;16/04/2025 01:31;0;0;0;0
92;16/04/2025 01:32;0;0;0;0
93;16/04/2025 01:33;0;0;0;0
94;16/04/2025 01:34;0;0;0;0
95;16/04/2025 01:35;0;0;0;0
96;16/04/2025 01:36;0;0;0;0
97;16/04/2025 01:37;0;0;0;0
98;16/04/2025 01:38;0;0;0;0
99;16/04/2025 01:39;0;0;0;0
100;16/04/2025 01:40;0;0;0;0
101;16/04/2025 01:41;0;0;0;0
102;16/04/2025 01:42;0;0;0;0
103;16/04/2025 01:43;0;0;0;0
104;16/04/2025 01:44;0;0;0;0
105;16/04/2025 01:45;0;0;0;0
106;16/04/2025 01:46;0;0;0;0
107;16/04/2025 01:47;0;0;0;0
108;16/04/2025 01:48;0;0;0;0
109;16/04/2025 01:49;0;0;0;0
110;16/04/2025 01:50;0;0;0;0
111;16/04/2025 01:51;0;0;0;0
112;16/04/2025 01:52;0;0;0;0
113;16/04/2025 01:53;0;0;0;0
114;16/04/2025 01:54;0;0;0;0
115;16/04/2025 01:55;0;0;0;0
116;16/04/2025 01:56;0;0;0;0
117;16/04/2025 01:57;0;0;0;0
118;16/04/2025 01:58;0;0;0;0
119;16/04/2025 01:59;0;0;0;0
120;16/04/2025 02:00;0;0;0;0
121;16/04/2025 02:01;0;0;0;0
122;16/04/2025 02:02;0;0;0;0
123;16/04/2025 02:03;0;0;0;0
124;16/04/2025 02:04;0;0;0;0
125;16/04/2025 02:05;0;0;0;0
126;16/04/2025 02:06;0;0;0;0
127;16/04/2025 02:07;0;0;0;0
128;16/04/2025 02:08;0;0;0;0
129;16/04/2025 02:09;0;0;0;0
130;16/04/2025 02:10;0;0;0;0
131;16/04/2025 02:11;0;0;0;0
132;16/04/2025 02:12;0;0;0;0
133;16/04/2025 02:13;0;0;0;0
134;16/04/2025 02:14;0;0;0;0
135;16/04/2025 02:15;0;0;0;0
136;16/04/2025 02:16;0;0;0;0
137;16/04/2025 02:17;0;0;0;0
138;16/04/2025 02:18;0;0;0;0
139;16/04/2025 02:19;0;0;0;0
140;16/04/2025 02:20;0;0;0;0
141;16/04/2025 02:21;0;0;0;0
142;16/04/2025 02:22;0;0;0;0
143;16/04/2025 02:23;0;0;0;0
144;16/04/2025 02:24;0;0;0;0
145;16/04/2025 02:25;0;0;0;0
146;16/04/2025 02:26;0;0;0;0
147;16/04/2025 02:27;0;0;0;0
148;16/04/2025 02:28;0;0;0;0
149;16/04/2025 02:29;0;0;0;0
150;16/04/2025 02:30;0;0;0;0
151;16/04/2025 02:31;0;0;0;0
152;16/04/2025 02:32;0;0;0;0
153;16/04/2025 02:33;0;0;0;0
154;16/04/2025 02:34;0;0;0;0
155;16/04/2025 02:35;0;0;0;0
156;16/04/2025 02:36;0;0;0;0
157;16/04/2025 02:37;0;0;0;0
158;16/04/2025 02:38;0;0;0;0
159;16/04/2025 02:39;0;0;0;0
160;16/04/2025 02:40;0;0;0;0
161;16/04/2025 02:41;0;0;0;0
162;16/04/2025 02:42;0;0;0;0
163;16/04/2025 02:43;0;0;0;0
164;16/04/2025 02:44;0;0;0;0
165;16/04/2025 02:45;0;0;0;0
166;16/04/2025 02:46;0;0;0;0
167;16/04/2025 02:47;0;0;0;0
168;16/04/2025 02:48;0;0;0;0
169;16/04/2025 02:49;0;0;0;0
170;16/04/2025 02:50;0;0;0;0
171;16/04/2025 02:51;0;0;0;0
172;16/04/2025 02:52;0;0;0;0
173;16/04/2025 02:53;0;0;0;0
174;16/04/2025 02:54;0;0;0;0
175;16/04/2025 02:55;0;0;0;0
176;16/04/2025 02:56;0;0;0;0
177;16/04/2025 02:57;0;0;0;0
178;16/04/2025 02:58;0;0;0;0
179;16/04/2025 02:59;0;0;0;0
180;16/04/2025 03:00;0;0;0;0
181;16/04/2025 03:01;0;0;0;0
182;16/04/2025 03:02;0;0;0;0
183;16/04/2025 03:03;0;0;0;0
184;16/04/2025 03:04;0;0;0;0
185;16/04/2025 03:05;0;0;0;0
186;16/04/2025 03:06;0;0;0;0
187;16/04/2025 03:07;0;0;0;0
188;16/04/2025 03:08;0;0;0;0
189;16/04/2025 03:09;0;0;0;0
190;16/04/2025 03:10;0;0;0;0
191;16/04/2025 03:11;0;0;0;0
192;16/04/2025 03:12;0;0;0;0
193;16/04/2025 03:13;0;0;0;0
194;16/04/2025 03:14;0;0;0;0
195;16/04/2025 03:15;0;0;0;0
196;16/04/2025 03:16;0;0;0;0
197;16/04/2025 03:17;0;0;0;0
198;16/04/2025 03:18;0;0;0;0
199;16/04/2025 03:19;0;0;0;0
200;16/04/2025 03:20;0;0;0;0
201;16/04/2025 03:21;0;0;0;0
202;16/04/2025 03:22;0;0;0;0
203;16/04/2025 03:23;0;0;0;0
204;16/04/2025 03:24;0;0;0;0
205;16/04/2025 03:25;0;0;0;0
206;16/04/2025 03:26;0;0;0;0
207;16/04/2025 03:27;0;0;0;0
208;16/04/2025 03:28;0;0;0;0
209;16/04/2025 03:29;0;0;0;0
210;16/04/2025 03:30;0;0;0;0
211;16/04/2025 03:31;0;0;0;0
212;16/04/2025 03:32;0;0;0;0
213;16/04/2025 03:33;0;0;0;0
214;16/04/2025 03:34;0;0;0;0
215;16/04/2025 03:35;0;0;0;0
216;16/04/2025 03:36;0;0;0;0
217;16/04/2025 03:37;0;0;0;0
218;16/04/2025 03:38;0;0;0;0
219;16/04/2025 03:39;0;0;0;0
220;16/04/2025 03:40;0;0;0;0
221;16/04/2025 03:41;0;0;0;0
222;16/04/2025 03:42;0;0;0;0
223;16/04/2025 03:43;0;0;0;0
224;16/04/2025 03:44;0;0;0;0
225;16/04/2025 03:45;0;0;0;0
226;16/04/2025 03:46;0;0;0;0
227;16/04/2025 03:47;0;0;0;0
228;16/04/2025 03:48;0;0;0;0
229;16/04/2025 03:49;0;0;0;0
230;16/04/2025 03:50;0;0;0;0
231;16/04/2025 03:51;0;0;0;0
232;16/04/2025 03:52;0;0;0;0
233;16/04/2025 03:53;0;0;0;0
234;16/04/2025 03:54;0;0;0;0
235;16/04/2025 03:55;0;0;0;0
236;16/04/2025 03:56;0;0;0;0
237;16/04/2025 03:57;0;0;0;0
238;16/04/2025 03:58;0;0;0;0
239;16/04/2025 03:59;0;0;0;0
240;16/04/2025 04:00;0;0;0;0
241;16/04/2025 04:01;0;0;0;0
242;16/04/2025 04:02;0;0;0;0
243;16/04/2025 04:03;0;0;0;0
244;16/04/2025 04:04;0;0;0;0
245;16/04/2025 04:05;0;0;0;0
246;16/04/2025 04:06;0;0;0;0
247;16/04/2025 04:07;0;0;0;0
248;16/04/2025 04:08;0;0;0;0
249;16/04/2025 04:09;0;0;0;0
250;16/04/2025 04:10;0;0;0;0
251;16/04/2025 04:11;0;0;0;0
252;16/04/2025 04:12;0;0;0;0
253;16/04/2025 04:13;0;0;0;0
254;16/04/2025 04:14;0;0;0;0
255;16/04/2025 04:15;0;0;0;0
256;16/04/2025 04:16;0;0;0;0
257;16/04/2025 04:17;0;0;0;0
258;16/04/2025 04:18;0;0;0;0
259;16/04/2025 04:19;0;0;0;0
260;16/04/2025 04:20;0;0;0;0
261;16/04/2025 04:21;0;0;0;0
262;16/04/2025 04:22;0;0;0;0
263;16/04/2025 04:23;0;0;0;0
264;16/04/2025 04:24;0;0;0;0
265;16/04/2025 04:25;0;0;0;0
266;16/04/2025 04:26;0;0;0;0
267;16/04/2025 04:27;0;0;0;0
268;16/04/2025 04:28;0;0;0;0
269;16/04/2025 04:29;0;0;0;0
270;16/04/2025 04:30;0;0;0;0
271;16/04/2025 04:31;0;0;0;0
272;16/04/2025 04:32;0;0;0;0
273;16/04/2025 04:33;0;0;0;0
274;16/04/2025 04:34;0;0;0;0
275;16/04/2025 04:35;0;0;0;0
276;16/04/2025 04:36;0;0;0;0
277;16/04/2025 04:37;0;0;0;0
278;16/04/2025 04:38;0;0;0;0
279;16/04/2025 04:39;0;0;0;0
280;16/04/2025 04:40;0;0;0;0
281;16/04/2025 04:41;0;0;0;0
282;16/04/2025 04:42;0;0;0;0
283;16/04/2025 04:43;0;0;0;0
284;16/04/2025 04:44;0;0;0;0
285;16/04/2025 04:45;0;0;0;0
286;16/04/2025 04:46;0;0;0;0
287;16/04/2025 04:47;0;0;0;0
288;16/04/2025 04:48;0;0;0;0
289;16/04/2025 04:49;0;0;0;0
290;16/04/2025 04:50;0;0;0;0
291;16/04/2025 04:51;0;0;0;0
292;16/04/2025 04:52;0;0;0;0
293;16/04/2025 04:53;0;0;0;0
294;16/04/2025 04:54;0;0;0;0
295;16/04/2025 04:55;0;0;0;0
296;16/04/2025 04:56;0;0;0;0
297;16/04/2025 04:57;0;0;0;0
298;16/04/2025 04:58;0;0;0;0
299;16/04/2025 04:59;0;0;0;0
300;16/04/2025 05:00;0;0;0;0
301;16/04/2025 05:01;0;0;0;0
302;16/04/2025 05:02;0;0;0;0
303;16/04/2025 05:03;0;0;0;0
304;16/04/2025 05:04;0;0;0;0
305;16/04/2025 05:05;0;0;0;0
306;16/04/2025 05:06;0;0;0;0
307;16/04/2025 05:07;0;0;0;0
308;16/04/2025 05:08;0;0;0;0
309;16/04/2025 05:09;0;0;0;0
310;16/04/2025 05:10;0;0;0;0
311;16/04/2025 05:11;0;0;0;0
312;16/04/2025 05:12;0;0;0;0
313;16/04/2025 05:13;0;0;0;0
314;16/04/2025 05:14;0;0;0;0
315;16/04/2025 05:15;0;0;0;0
316;16/04/2025 05:16;0;0;0;0
317;16/04/2025 05:17;0;0;0;0
318;16/04/2025 05:18;0;0;0;0
319;16/04/2025 05:19;0;0;0;0
320;16/04/2025 05:20;0;0;0;0
321;16/04/2025 05:21;0;0;0;0
322;16/04/2025 05:22;0;0;0;0
323;16/04/2025 05:23;0;0;0;0
324;16/04/2025 05:24;0;0;0;0
325;16/04/2025 05:25;0;0;0;0
326;16/04/2025 05:26;0;0;0;0
327;16/04/2025 05:27;0;0;0;0
328;16/04/2025 05:28;0;0;0;0
329;16/04/2025 05:29;0;0;0;0
330;16/04/2025 05:30;0;0;0;0
331;16/04/2025 05:31;0;0;0;0
332;16/04/2025 05:32;0;0;0;0
333;16/04/2025 05:33;0;0;0;0
334;16/04/2025 05:34;0;0;0;0
335;16/04/2025 05:35;0;0;0;0
336;16/04/2025 05:36;0;0;0;0
337;16/04/2025 05:37;0;0;0;0
338;16/04/2025 05:38;0;0;0;0
339;16/04/2025 05:39;0;0;0;0
340;16/04/2025 05:40;0;0;0;0
341;16/04/2025 05:41;0;0;0;0
342;16/04/2025 05:42;0;0;0;0
343;16/04/2025 05:43;0;0;0;0
344;16/04/2025 05:44;0;0;0;0
345;16/04/2025 05:45;0;0;0;0
346;16/04/2025 05:46;0;0;0;0
347;16/04/2025 05:47;0;0;0;0
348;16/04/2025 05:48;0;0;0;0
349;16/04/2025 05:49;0;0;0;0
350;16/04/2025 05:50;0;0;0;0
351;16/04/2025 05:51;0;0;0;0
352;16/04/2025 05:52;0;0;0;0
353;16/04/2025 05:53;0;0;0;0
354;16/04/2025 05:54;0;0;0;0
355;16/04/2025 05:55;0;0;0;0
356;16/04/2025 05:56;0;0;0;0
357;16/04/2025 05:57;0;0;0;0
358;16/04/2025 05:58;0;0;0;0
359;16/04/2025 05:59;0;0;0;0
360;16/04/2025 06:00;0;0;0;0
361;16/04/2025 06:01;0;0;0;0
362;16/04/2025 06:02;0;0;0;0
363;16/04/2025 06:03;0;0;0;0
364;16/04/2025 06:04;0;0;0;0
365;16/04/2025 06:05;0;0;0;0
366;16/04/2025 06:06;0;0;0;0
367;16/04/2025 06:07;0;0;0;0
368;16/04/2025 06:08;0;0;0;0
369;16/04/2025 06:09;0;0;0;0
370;16/04/2025 06:10;0;0;0;0
371;16/04/2025 06:11;0;0;0;0
372;16/04/2025 06:12;0;0;0;0
373;16/04/2025 06:13;0;0;0;0
374;16/04/2025 06:14;0;0;0;0
375;16/04/2025 06:15;0;0;0;0
376;16/04/2025 06:16;0;0;0;0
377;16/04/2025 06:17;0;0;0;0
378;16/04/2025 06:18;0;0;0;0
379;16/04/2025 06:19;0;0;0;0
380;16/04/2025 06:20;0;0;0;0
381;16/04/2025 06:21;0;0;0;0
382;16/04/2025 06:22;0;0;0;0
383;16/04/2025 06:23;0;0;0;0
384;16/04/2025 06:24;0;0;0;0
385;16/04/2025 06:25;0;0;0;0
386;16/04/2025 06:26;0;0;0;0
387;16/04/2025 06:27;0;0;0;0
388;16/04/2025 06:28;0;0;0;0
389;16/04/2025 06:29;0;0;0;0
390;16/04/2025 06:30;0;0;0;0
391;16/04/2025 06:31;0;0;0;0
392;16/04/2025 06:32;0;0;0;0
393;16/04/2025 06:33;0;0;0;0
394;16/04/2025 06:34;0;0;0;0
395;16/04/2025 06:35;0;0;0;0
396;16/04/2025 06:36;0;0;0;0
397;16/04/2025 06:37;0;0;0;0
398;16/04/2025 06:38;0;0;0;0
399;16/04/2025 06:39;0;0;0;0
400;16/04/2025 06:40;0;0;0;0
401;16/04/2025 06:41;0;0;0;0
402;16/04/2025 06:42;0;0;0;0
403;16/04/2025 06:43;0;0;0;0
404;16/04/2025 06:44;0;0;0;0
405;16/04/2025 06:45;0;0;0;0
406;16/04/2025 06:46;0;0;0;0
407;16/04/2025 06:47;0;0;0;0
408;16/04/2025 06:48;0;0;0;0
409;16/04/2025 06:49;0;0;0;0
410;16/04/2025 06:50;0;0;0;0
411;16/04/2025 06:51;0;0;0;0
412;16/04/2025 06:52;0;0;0;0
413;16/04/2025 06:53;0;0;0;0
414;16/04/2025 06:54;0;0;0;0
415;16/04/2025 06:55;0;0;0;0
416;16/04/2025 06:56;0;0;0;0
417;16/04/2025 06:57;0;0;0;0
418;16/04/2025 06:58;0;0;0;0
419;16/04/2025 06:59;0;0;0;0
420;16/04/2025 07:00;0;0;0;0
421;16/04/2025 07:01;0;0;0;0
422;16/04/2025 07:02;0;0;0;0
423;16/04/2025 07:03;0;0;0;0
424;16/04/2025 07:04;0;0;0;0
425;16/04/2025 07:05;0;0;0;0
426;16/04/2025 07:06;0;0;0;0
427;16/04/2025 07:07;0;0;0;0
428;16/04/2025 07:08;0;0;0;0
429;16/04/2025 07:09;0;0;0;0
430;16/04/2025 07:10;0;0;0;0
431;16/04/2025 07:11;0;0;0;0
432;16/04/2025 07:12;0;0;0;0
433;16/04/2025 07:13;0;0;0;0
434;16/04/2025 07:14;0;0;0;0
435;16/04/2025 07:15;0;0;0;0
436;16/04/2025 07:16;0;0;0;0
437;16/04/2025 07:17;0;0;0;0
438;16/04/2025 07:18;0;0;0;0
439;16/04/2025 07:19;0;0;0;0
440;16/04/2025 07:20;0;0;0;0
441;16/04/2025 07:21;0;0;0;0
442;16/04/2025 07:22;0;0;0;0
443;16/04/2025 07:23;0;0;0;0
444;16/04/2025 07:24;0;0;0;0
445;16/04/2025 07:25;0;0;0;0
446;16/04/2025 07:26;0;0;0;0
447;16/04/2025 07:27;0;0;0;0
448;16/04/2025 07:28;0;0;0;0
449;16/04/2025 07:29;0;0;0;0
450;16/04/2025 07:30;0;0;0;0
451;16/04/2025 07:31;0;0;0;0
452;16/04/2025 07:32;0;0;0;0
453;16/04/2025 07:33;0;0;0;0
454;16/04/2025 07:34;0;0;0;0
455;16/04/2025 07:35;0;0;0;0
456;16/04/2025 07:36;0;0;0;0
457;16/04/2025 07:37;0;0;0;0
458;16/04/2025 07:38;0;0;0;0
459;16/04/2025 07:39;0;0;0;0
460;16/04/2025 07:40;0;0;0;0
461;16/04/2025 07:41;0;0;0;0
462;16/04/2025 07:42;0;0;0;0
463;16/04/2025 07:43;0;0;0;0
464;16/04/2025 07:44;0;0;0;0
465;16/04/2025 07:45;0;0;0;0
466;16/04/2025 07:46;0;0;0;0
467;16/04/2025 07:47;0;0;0;0
468;16/04/2025 07:48;0;0;0;0
469;16/04/2025 07:49;0;0;0;0
470;16/04/2025 07:50;0;0;0;0
471;16/04/2025 07:51;0;0;0;0
472;16/04/2025 07:52;0;0;0;0
473;16/04/2025 07:53;0;0;0;0
474;16/04/2025 07:54;0;0;0;0
475;16/04/2025 07:55;0;0;0;0
476;16/04/2025 07:56;0;0;0;0
477;16/04/2025 07:57;0;0;0;0
478;16/04/2025 07:58;0;0;0;0
479;16/04/2025 07:59;0;0;0;0
480;16/04/2025 08:00;0;0;0;0
481;16/04/2025 08:01;0;0;0;0
482;16/04/2025 08:02;0;0;0;0
483;16/04/2025 08:03;0;0;0;0
484;16/04/2025 08:04;0;0;0;0
485;16/04/2025 08:05;0;0;0;0
486;16/04/2025 08:06;0;0;0;0
487;16/04/2025 08:07;0;0;0;0
488;16/04/2025 08:08;0;0;0;0
489;16/04/2025 08:09;0;0;0;0
490;16/04/2025 08:10;0;0;0;0
491;16/04/2025 08:11;0;0;0;0
492;16/04/2025 08:12;0;0;0;0
493;16/04/2025 08:13;0;0;0;0
494;16/04/2025 08:14;0;0;0;0
495;16/04/2025 08:15;0;0;0;0
496;16/04/2025 08:16;0;0;0;0
497;16/04/2025 08:17;0;0;0;0
498;16/04/2025 08:18;0;0;0;0
499;16/04/2025 08:19;0;0;0;0
500;16/04/2025 08:20;0;0;0;0
501;16/04/2025 08:21;0;0;0;0
502;16/04/2025 08:22;0;0;0;0
503;16/04/2025 08:23;0;0;0;0
504;16/04/2025 08:24;0;0;0;0
505;16/04/2025 08:25;0;0;0;0
506;16/04/2025 08:26;0;0;0;0
507;16/04/2025 08:27;0;0;0;0
508;16/04/2025 08:28;0;0;0;0
509;16/04/2025 08:29;0;0;0;0
510;16/04/2025 08:30;0;0;0;0
511;16/04/2025 08:31;0;0;0;0
512;16/04/2025 08:32;0;0;0;0
513;16/04/2025 08:33;0;0;0;0
514;16/04/2025 08:34;0;0;0;0
515;16/04/2025 08:35;0;0;0;0
516;16/04/2025 08:36;0;0;0;0
517;16/04/2025 08:37;0;0;0;0
518;16/04/2025 08:38;0;0;0;0
519;16/04/2025 08:39;0;0;0;0
520;16/04/2025 08:40;0;0;0;0
521;16/04/2025 08:41;0;0;0;0
522;16/04/2025 08:42;0;0;0;0
523;16/04/2025 08:43;0;0;0;0
524;16/04/2025 08:44;0;0;0;0
525;16/04/2025 08:45;0;0;0;0
526;16/04/2025 08:46;0;0;0;0
527;16/04/2025 08:47;0;0;0;0
528;16/04/2025 08:48;0;0;0;0
529;16/04/2025 08:49;0;0;0;0
530;16/04/2025 08:50;0;0;0;0
531;16/04/2025 08:51;0;0;0;0
532;16/04/2025 08:52;0;0;0;0
533;16/04/2025 08:53;0;0;0;0
534;16/04/2025 08:54;0;0;0;0
535;16/04/2025 08:55;0;0;0;0
536;16/04/2025 08:56;0;0;0;0
537;16/04/2025 08:57;0;0;0;0
538;16/04/2025 08:58;0;0;0;0
539;16/04/2025 08:59;0;0;0;0
540;16/04/2025 09:00;0;0;0;0
541;16/04/2025 09:01;0;0;0;0
542;16/04/2025 09:02;0;0;0;0
543;16/04/2025 09:03;0;0;0;0
544;16/04/2025 09:04;0;0;0;0
545;16/04/2025 09:05;0;0;0;0
546;16/04/2025 09:06;0;0;0;0
547;16/04/2025 09:07;0;0;0;0
548;16/04/2025 09:08;0;0;0;0
549;16/04/2025 09:09;0;0;0;0
550;16/04/2025 09:10;0;0;0;0
551;16/04/2025 09:11;0;0;0;0
552;16/04/2025 09:12;0;0;0;0
553;16/04/2025 09:13;0;0;0;0
554;16/04/2025 09:14;0;0;0;0
555;16/04/2025 09:15;0;0;0;0
556;16/04/2025 09:16;0;0;0;0
557;16/04/2025 09:17;0;0;0;0
558;16/04/2025 09:18;0;0;0;0
559;16/04/2025 09:19;0;0;0;0
560;16/04/2025 09:20;0;0;0;0
561;16/04/2025 09:21;0;0;0;0
562;16/04/2025 09:22;0;0;0;0
563;16/04/2025 09:23;0;0;0;0
564;16/04/2025 09:24;0;0;0;0
565;16/04/2025 09:25;0;0;0;0
566;16/04/2025 09:26;0;0;0;0
567;16/04/2025 09:27;0;0;0;0
568;16/04/2025 09:28;0;0;0;0
569;16/04/2025 09:29;0;0;0;0
570;16/04/2025 09:30;0;0;0;0
571;16/04/2025 09:31;0;0;0;0
572;16/04/2025 09:32;0;0;0;0
573;16/04/2025 09:33;0;0;0;0
574;16/04/2025 09:34;0;0;0;0
575;16/04/2025 09:35;0;0;0;0
576;16/04/2025 09:36;0;0;0;0
577;16/04/2025 09:37;0;0;0;0
578;16/04/2025 09:38;0;0;0;0
579;16/04/2025 09:39;0;0;0;0
580;16/04/2025 09:40;0;0;0;0
581;16/04/2025 09:41;0;0;0;0
582;16/04/2025 09:42;0;0;0;0
583;16/04/2025 09:43;0;0;0;0
584;16/04/2025 09:44;0;0;0;0
585;16/04/2025 09:45;0;0;0;0
586;16/04/2025 09:46;0;0;0;0
587;16/04/2025 09:47;0;0;0;0
588;16/04/2025 09:48;0;0;0;0
589;16/04/2025 09:49;0;0;0;0
590;16/04/2025 09:50;0;0;0;0
591;16/04/2025 09:51;0;0;0;0
592;16/04/2025 09:52;0;0;0;0
593;16/04/2025 09:53;0;0;0;0
594;16/04/2025 09:54;0;0;0;0
595;16/04/2025 09:55;0;0;0;0
596;16/04/2025 09:56;0;0;0;0
597;16/04/2025 09:57;0;0;0;0
598;16/04/2025 09:58;0;0;0;0
599;16/04/2025 09:59;0;0;0;0
600;16/04/2025 10:00;0;0;0;0
601;16/04/2025 10:01;0;0;0;0
602;16/04/2025 10:02;0;0;0;0
603;16/04/2025 10:03;0;0;0;0
604;16/04/2025 10:04;0;0;0;0
605;16/04/2025 10:05;0;0;0;0
606;16/04/2025 10:06;0;0;0;0
607;16/04/2025 10:07;0;0;0;0
608;16/04/2025 10:08;0;0;0;0
609;16/04/2025 10:09;0;0;0;0
610;16/04/2025 10:10;0;0;0;0
611;16/04/2025 10:11;0;0;0;0
612;16/04/2025 10:12;0;0;0;0
613;16/04/2025 10:13;0;0;0;0
614;16/04/2025 10:14;0;0;0;0
615;16/04/2025 10:15;0;0;0;0
616;16/04/2025 10:16;0;0;0;0
617;16/04/2025 10:17;0;0;0;0
618;16/04/2025 10:18;0;0;0;0
619;16/04/2025 10:19;0;0;0;0
620;16/04/2025 10:20;0;0;0;0
621;16/04/2025 10:21;0;0;0;0
622;16/04/2025 10:22;0;0;0;0
623;16/04/2025 10:23;0;0;0;0
624;16/04/2025 10:24;0;0;0;0
625;16/04/2025 10:25;0;0;0;0
626;16/04/2025 10:26;0;0;0;0
627;16/04/2025 10:27;0;0;0;0
628;16/04/2025 10:28;0;0;0;0
629;16/04/2025 10:29;0;0;0;0
630;16/04/2025 10:30;0;0;0;0
631;16/04/2025 10:31;0;0;0;0
632;16/04/2025 10:32;0;0;0;0
633;16/04/2025 10:33;0;0;0;0
634;16/04/2025 10:34;0;0;0;0
635;16/04/2025 10:35;0;0;0;0
636;16/04/2025 10:36;0;0;0;0
637;16/04/2025 10:37;0;0;0;0
638;16/04/2025 10:38;0;0;0;0
639;16/04/2025 10:39;0;0;0;0
640;16/04/2025 10:40;0;0;0;0
641;16/04/2025 10:41;0;0;0;0
642;16/04/2025 10:42;0;0;0;0
643;16/04/2025 10:43;0;0;0;0
644;16/04/2025 10:44;0;0;0;0
645;16/04/2025 10:45;0;0;0;0
646;16/04/2025 10:46;0;0;0;0
647;16/04/2025 10:47;0;0;0;0
648;16/04/2025 10:48;0;0;0;0
649;16/04/2025 10:49;0;0;0;0
650;16/04/2025 10:50;0;0;0;0
651;16/04/2025 10:51;0;0;0;0
652;16/04/2025 10:52;0;0;0;0
653;16/04/2025 10:53;0;0;0;0
654;16/04/2025 10:54;0;0;0;0
655;16/04/2025 10:55;0;0;0;0
656;16/04/2025 10:56;0;0;0;0
657;16/04/2025 10:57;0;0;0;0
658;16/04/2025 10:58;0;0;0;0
659;16/04/2025 10:59;0;0;0;0
660;16/04/2025 11:00;0;0;0;0
661;16/04/2025 11:01;0;0;0;0
662;16/04/2025 11:02;0;0;0;0
663;16/04/2025 11:03;0;0;0;0
664;16/04/2025 11:04;0;0;0;0
665;16/04/2025 11:05;0;0;0;0
666;16/04/2025 11:06;0;0;0;0
667;16/04/2025 11:07;0;0;0;0
668;16/04/2025 11:08;0;0;0;0
669;16/04/2025 11:09;0;0;0;0
670;16/04/2025 11:10;0;0;0;0
671;16/04/2025 11:11;0;0;0;0
672;16/04/2025 11:12;0;0;0;0
673;16/04/2025 11:13;0;0;0;0
674;16/04/2025 11:14;0;0;0;0
675;16/04/2025 11:15;0;0;0;0
676;16/04/2025 11:16;0;0;0;0
677;16/04/2025 11:17;0;0;0;0
678;16/04/2025 11:18;0;0;0;0
679;16/04/2025 11:19;0;0;0;0
680;16/04/2025 11:20;0;0;0;0
681;16/04/2025 11:21;0;0;0;0
682;16/04/2025 11:22;0;0;0;0
683;16/04/2025 11:23;0;0;0;0
684;16/04/2025 11:24;0;0;0;0
685;16/04/2025 11:25;0;0;0;0
686;16/04/2025 11:26;0;0;0;0
687;16/04/2025 11:27;0;0;0;0
688;16/04/2025 11:28;0;0;0;0
689;16/04/2025 11:29;0;0;0;0
690;16/04/2025 11:30;0;0;0;0
691;16/04/2025 11:31;0;0;0;0
692;16/04/2025 11:32;0;0;0;0
693;16/04/2025 11:33;0;0;0;0
694;16/04/2025 11:34;0;0;0;0
695;16/04/2025 11:35;0;0;0;0
696;16/04/2025 11:36;0;0;0;0
697;16/04/2025 11:37;0;0;0;0
698;16/04/2025 11:38;0;0;0;0
699;16/04/2025 11:39;0;0;0;0
700;16/04/2025 11:40;0;0;0;0
701;16/04/2025 11:41;0;0;0;0
702;16/04/2025 11:42;0;0;0;0
703;16/04/2025 11:43;0;0;0;0
704;16/04/2025 11:44;0;0;0;0
705;16/04/2025 11:45;0;0;0;0
706;16/04/2025 11:46;0;0;0;0
707;16/04/2025 11:47;0;0;0;0
708;16/04/2025 11:48;0;0;0;0
709;16/04/2025 11:49;0;0;0;0
710;16/04/2025 11:50;0;0;0;0
711;16/04/2025 11:51;0;0;0;0
712;16/04/2025 11:52;0;0;0;0
713;16/04/2025 11:53;0;0;0;0
714;16/04/2025 11:54;0;0;0;0
715;16/04/2025 11:55;0;0;0;0
716;16/04/2025 11:56;0;0;0;0
717;16/04/2025 11:57;0;0;0;0
718;16/04/2025 11:58;0;0;0;0
719;16/04/2025 11:59;0;0;0;0
720;16/04/2025 12:00;0;0;0;0
721;16/04/2025 12:01;0;0;0;0
722;16/04/2025 12:02;0;0;0;0
723;16/04/2025 12:03;0;0;0;0
724;16/04/2025 12:04;0;0;0;0
725;16/04/2025 12:05;0;0;0;0
726;16/04/2025 12:06;0;0;0;0
727;16/04/2025 12:07;0;0;0;0
728;16/04/2025 12:08;0;0;0;0
729;16/04/2025 12:09;0;0;0;0
730;16/04/2025 12:10;0;0;0;0
731;16/04/2025 12:11;0;0;0;0
732;16/04/2025 12:12;0;0;0;0
733;16/04/2025 12:13;0;0;0;0
734;16/04/2025 12:14;0;0;0;0
735;16/04/2025 12:15;0;0;0;0
736;16/04/2025 12:16;0;0;0;0
737;16/04/2025 12:17;0;0;0;0
738;16/04/2025 12:18;0;0;0;0
739;16/04/2025 12:19;0;0;0;0
740;16/04/2025 12:20;0;0;0;0
741;16/04/2025 12:21;0;0;0;0
742;16/04/2025 12:22;0;0;0;0
743;16/04/2025 12:23;0;0;0;0
744;16/04/2025 12:24;0;0;0;0
745;16/04/2025 12:25;0;0;0;0
746;16/04/2025 12:26;0;0;0;0
747;16/04/2025 12:27;0;0;0;0
748;16/04/2025 12:28;0;0;0;0
749;16/04/2025 12:29;0;0;0;0
750;16/04/2025 12:30;0;0;0;0
751;16/04/2025 12:31;0;0;0;0
752;16/04/2025 12:32;0;0;0;0
753;16/04/2025 12:33;0;0;0;0
754;16/04/2025 12:34;0;0;0;0
755;16/04/2025 12:35;0;0;0;0
756;16/04/2025 12:36;0;0;0;0
757;16/04/2025 12:37;0;0;0;0
758;16/04/2025 12:38;0;0;0;0
759;16/04/2025 12:39;0;0;0;0
760;16/04/2025 12:40;0;0;0;0
761;16/04/2025 12:41;0;0;0;0
762;16/04/2025 12:42;0;0;0;0
763;16/04/2025 12:43;0;0;0;0
764;16/04/2025 12:44;0;0;0;0
765;16/04/2025 12:45;0;0;0;0
766;16/04/2025 12:46;0;0;0;0
767;16/04/2025 12:47;0;0;0;0
768;16/04/2025 12:48;0;0;0;0
769;16/04/2025 12:49;0;0;0;0
770;16/04/2025 12:50;0;0;0;0
771;16/04/2025 12:51;0;0;0;0
772;16/04/2025 12:52;0;0;0;0
773;16/04/2025 12:53;0;0;0;0
774;16/04/2025 12:54;0;0;0;0
775;16/04/2025 12:55;0;0;0;0
776;16/04/2025 12:56;0;0;0;0
777;16/04/2025 12:57;0;0;0;0
778;16/04/2025 12:58;0;0;0;0
779;16/04/2025 12:59;0;0;0;0
780;16/04/2025 13:00;0;0;0;0
781;16/04/2025 13:01;0;0;0;0
782;16/04/2025 13:02;0;0;0;0
783;16/04/2025 13:03;0;0;0;0
784;16/04/2025 13:04;0;0;0;0
785;16/04/2025 13:05;0;0;0;0
786;16/04/2025 13:06;0;0;0;0
787;16/04/2025 13:07;0;0;0;0
788;16/04/2025 13:08;0;0;0;0
789;16/04/2025 13:09;0;0;0;0
790;16/04/2025 13:10;0;0;0;0
791;16/04/2025 13:11;0;0;0;0
792;16/04/2025 13:12;0;0;0;0
793;16/04/2025 13:13;0;0;0;0
794;16/04/2025 13:14;0;0;0;0
795;16/04/2025 13:15;0;0;0;0
796;16/04/2025 13:16;0;0;0;0
797;16/04/2025 13:17;0;0;0;0
798;16/04/2025 13:18;0;0;0;0
799;16/04/2025 13:19;0;0;0;0
800;16/04/2025 13:20;0;0;0;0
801;16/04/2025 13:21;0;0;0;0
802;16/04/2025 13:22;0;0;0;0
803;16/04/2025 13:23;0;0;0;0
804;16/04/2025 13:24;0;0;0;0
805;16/04/2025 13:25;0;0;0;0
806;16/04/2025 13:26;0;0;0;0
807;16/04/2025 13:27;0;0;0;0
808;16/04/2025 13:28;0;0;0;0
809;16/04/2025 13:29;0;0;0;0
810;16/04/2025 13:30;0;0;0;0
811;16/04/2025 13:31;0;0;0;0
812;16/04/2025 13:32;0;0;0;0
813;16/04/2025 13:33;0;0;0;0
814;16/04/2025 13:34;0;0;0;0
815;16/04/2025 13:35;0;0;0;0
816;16/04/2025 13:36;0;0;0;0
817;16/04/2025 13:37;0;0;0;0
818;16/04/2025 13:38;0;0;0;0
819;16/04/2025 13:39;0;0;0;0
820;16/04/2025 13:40;0;0;0;0
821;16/04/2025 13:41;0;0;0;0
822;16/04/2025 13:42;0;0;0;0
823;16/04/2025 13:43;0;0;0;0
824;16/04/2025 13:44;0;0;0;0
825;16/04/2025 13:45;0;0;0;0
826;16/04/2025 13:46;0;0;0;0
827;16/04/2025 13:47;0;0;0;0
828;16/04/2025 13:48;0;0;0;0
829;16/04/2025 13:49;0;0;0;0
830;16/04/2025 13:50;0;0;0;0
831;16/04/2025 13:51;0;0;0;0
832;16/04/2025 13:52;0;0;0;0
833;16/04/2025 13:53;0;0;0;0
834;16/04/2025 13:54;0;0;0;0
835;16/04/2025 13:55;0;0;0;0
836;16/04/2025 13:56;0;0;0;0
837;16/04/2025 13:57;0;0;0;0
838;16/04/2025 13:58;0;0;0;0
839;16/04/2025 13:59;0;0;0;0
840;16/04/2025 14:00;0;0;0;0
841;16/04/2025 14:01;0;0;0;0
842;16/04/2025 14:02;0;0;0;0
843;16/04/2025 14:03;0;0;0;0
844;16/04/2025 14:04;0;0;0;0
845;16/04/2025 14:05;0;0;0;0
846;16/04/2025 14:06;0;0;0;0
847;16/04/2025 14:07;0;0;0;0
848;16/04/2025 14:08;0;0;0;0
849;16/04/2025 14:09;0;0;0;0
850;16/04/2025 14:10;0;0;0;0
851;16/04/2025 14:11;0;0;0;0
852;16/04/2025 14:12;0;0;0;0
853;16/04/2025 14:13;0;0;0;0
854;16/04/2025 14:14;0;0;0;0
855;16/04/2025 14:15;0;0;0;0
856;16/04/2025 14:16;0;0;0;0
857;16/04/2025 14:17;0;0;0;0
858;16/04/2025 14:18;0;0;0;0
859;16/04/2025 14:19;0;0;0;0
860;16/04/2025 14:20;0;0;0;0
861;16/04/2025 14:21;0;0;0;0
862;16/04/2025 14:22;0;0;0;0
863;16/04/2025 14:23;0;0;0;0
864;16/04/2025 14:24;0;0;0;0
865;16/04/2025 14:25;0;0;0;0
866;16/04/2025 14:26;0;0;0;0
867;16/04/2025 14:27;0;0;0;0
868;16/04/2025 14:28;0;0;0;0
869;16/04/2025 14:29;0;0;0;0
870;16/04/2025 14:30;0;0;0;0
871;16/04/2025 14:31;0;0;0;0
872;16/04/2025 14:32;0;0;0;0
873;16/04/2025 14:33;0;0;0;0
874;16/04/2025 14:34;0;0;0;0
875;16/04/2025 14:35;0;0;0;0
876;16/04/2025 14:36;0;0;0;0
877;16/04/2025 14:37;0;0;0;0
878;16/04/2025 14:38;0;0;0;0
879;16/04/2025 14:39;0;0;0;0
880;16/04/2025 14:40;0;0;0;0
881;16/04/2025 14:41;0;0;0;0
882;16/04/2025 14:42;0;0;0;0
883;16/04/2025 14:43;0;0;0;0
884;16/04/2025 14:44;0;0;0;0
885;16/04/2025 14:45;0;0;0;0
886;16/04/2025 14:46;0;0;0;0
887;16/04/2025 14:47;0;0;0;0
888;16/04/2025 14:48;0;0;0;0
889;16/04/2025 14:49;0;0;0;0
890;16/04/2025 14:50;0;0;0;0
891;16/04/2025 14:51;0;0;0;0
892;16/04/2025 14:52;0;0;0;0
893;16/04/2025 14:53;0;0;0;0
894;16/04/2025 14:54;0;0;0;0
895;16/04/2025 14:55;0;0;0;0
896;16/04/2025 14:56;0;0;0;0
897;16/04/2025 14:57;0;0;0;0
898;16/04/2025 14:58;0;0;0;0
899;16/04/2025 14:59;0;0;0;0
900;16/04/2025 15:00;0;0;0;0
901;16/04/2025 15:01;0;0;0;0
902;16/04/2025 15:02;0;0;0;0
903;16/04/2025 15:03;0;0;0;0
904;16/04/2025 15:04;0;0;0;0
905;16/04/2025 15:05;0;0;0;0
906;16/04/2025 15:06;0;0;0;0
907;16/04/2025 15:07;0;0;0;0
908;16/04/2025 15:08;0;0;0;0
909;16/04/2025 15:09;0;0;0;0
910;16/04/2025 15:10;0;0;0;0
911;16/04/2025 15:11;0;0;0;0
912;16/04/2025 15:12;0;0;0;0
913;16/04/2025 15:13;0;0;0;0
914;16/04/2025 15:14;0;0;0;0
915;16/04/2025 15:15;0;0;0;0
916;16/04/2025 15:16;0;0;0;0
917;16/04/2025 15:17;0;0;0;0
918;16/04/2025 15:18;0;0;0;0
919;16/04/2025 15:19;0;0;0;0
920;16/04/2025 15:20;0;0;0;0
921;16/04/2025 15:21;0;0;0;0
922;16/04/2025 15:22;0;0;0;0
923;16/04/2025 15:23;0;0;0;0
924;16/04/2025 15:24;0;0;0;0
925;16/04/2025 15:25;0;0;0;0
926;16/04/2025 15:26;0;0;0;0
927;16/04/2025 15:27;0;0;0;0
928;16/04/2025 15:28;0;0;0;0
929;16/04/2025 15:29;0;0;0;0
930;16/04/2025 15:30;0;0;0;0
931;16/04/2025 15:31;0;0;0;0
932;16/04/2025 15:32;0;0;0;0
933;16/04/2025 15:33;0;0;0;0
934;16/04/2025 15:34;0;0;0;0
935;16/04/2025 15:35;0;0;0;0
936;16/04/2025 15:36;0;0;0;0
937;16/04/2025 15:37;0;0;0;0
938;16/04/2025 15:38;0;0;0;0
939;16/04/2025 15:39;0;0;0;0
940;16/04/2025 15:40;0;0;0;0
941;16/04/2025 15:41;0;0;0;0
942;16/04/2025 15:42;0;0;0;0
943;16/04/2025 15:43;0;0;0;0
944;16/04/2025 15:44;0;0;0;0
945;16/04/2025 15:45;0;0;0;0
946;16/04/2025 15:46;0;0;0;0
947;16/04/2025 15:47;0;0;0;0
948;16/04/2025 15:48;0;0;0;0
949;16/04/2025 15:49;0;0;0;0
950;16/04/2025 15:50;0;0;0;0
951;16/04/2025 15:51;0;0;0;0
952;16/04/2025 15:52;0;0;0;0
953;16/04/2025 15:53;0;0;0;0
954;16/04/2025 15:54;0;0;0;0
955;16/04/2025 15:55;0;0;0;0
956;16/04/2025 15:56;0;0;0;0
957;16/04/2025 15:57;0;0;0;0
958;16/04/2025 15:58;0;0;0;0
959;16/04/2025 15:59;0;0;0;0
960;16/04/2025 16:00;0;0;0;0
961;16/04/2025 16:01;0;0;0;0
962;16/04/2025 16:02;0;0;0;0
963;16/04/2025 16:03;0;0;0;0
964;16/04/2025 16:04;0;0;0;0
965;16/04/2025 16:05;0;0;0;0
966;16/04/2025 16:06;0;0;0;0
967;16/04/2025 16:07;0;0;0;0
968;16/04/2025 16:08;0;0;0;0
969;16/04/2025 16:09;0;0;0;0
970;16/04/2025 16:10;0;0;0;0
971;16/04/2025 16:11;0;0;0;0
972;16/04/2025 16:12;0;0;0;0
973;16/04/2025 16:13;0;0;0;0
974;16/04/2025 16:14;0;0;0;0
975;16/04/2025 16:15;0;0;0;0
976;16/04/2025 16:16;0;0;0;0
977;16/04/2025 16:17;0;0;0;0
978;16/04/2025 16:18;0;0;0;0
979;16/04/2025 16:19;0;0;0;0
980;16/04/2025 16:20;0;0;0;0
981;16/04/2025 16:21;0;0;0;0
982;16/04/2025 16:22;0;0;0;0
983;16/04/2025 16:23;0;0;0;0
984;16/04/2025 16:24;0;0;0;0
985;16/04/2025 16:25;0;0;0;0
986;16/04/2025 16:26;0;0;0;0
987;16/04/2025 16:27;0;0;0;0
988;16/04/2025 16:28;0;0;0;0
989;16/04/2025 16:29;0;0;0;0
990;16/04/2025 16:30;0;0;0;0
991;16/04/2025 16:31;0;0;0;0
992;16/04/2025 16:32;0;0;0;0
993;16/04/2025 16:33;0;0;0;0
994;16/04/2025 16:34;0;0;0;0
995;16/04/2025 16:35;0;0;0;0
996;16/04/2025 16:36;0;0;0;0
997;16/04/2025 16:37;0;0;0;0
998;16/04/2025 16:38;0;0;0;0
999;16/04/2025 16:39;0;0;0;0
1000;16/04/2025 16:40;0;0;0;0
1001;16/04/2025 16:41;0;0;0;0
1002;16/04/2025 16:42;0;0;0;0
1003;16/04/2025 16:43;0;0;0;0
1004;16/04/2025 16:44;0;0;0;0
1005;16/04/2025 16:45;0;0;0;0
1006;16/04/2025 16:46;0;0;0;0
1007;16/04/2025 16:47;0;0;0;0
1008;16/04/2025 16:48;0;0;0;0
1009;16/04/2025 16:49;0;0;0;0
1010;16/04/2025 16:50;0;0;0;0
1011;16/04/2025 16:51;0;0;0;0
1012;16/04/2025 16:52;0;0;0;0
1013;16/04/2025 16:53;0;0;0;0
1014;16/04/2025 16:54;0;0;0;0
1015;16/04/2025 16:55;0;0;0;0
1016;16/04/2025 16:56;0;0;0;0
1017;16/04/2025 16:57;0;0;0;0
1018;16/04/2025 16:58;0;0;0;0
1019;16/04/2025 16:59;0;0;0;0
1020;16/04/2025 17:00;0;0;0;0
1021;16/04/2025 17:01;0;0;0;0
1022;16/04/2025 17:02;0;0;0;0
1023;16/04/2025 17:03;0;0;0;0
1024;16/04/2025 17:04;0;0;0;0
1025;16/04/2025 17:05;0;0;0;0
1026;16/04/2025 17:06;0;0;0;0
1027;16/04/2025 17:07;0;0;0;0
1028;16/04/2025 17:08;0;0;0;0
1029;16/04/2025 17:09;0;0;0;0
1030;16/04/2025 17:10;0;0;0;0
1031;16/04/2025 17:11;0;0;0;0
1032;16/04/2025 17:12;0;0;0;0
1033;16/04/2025 17:13;0;0;0;0
1034;16/04/2025 17:14;0;0;0;0
1035;16/04/2025 17:15;0;0;0;0
1036;16/04/2025 17:16;0;0;0;0
1037;16/04/2025 17:17;0;0;0;0
1038;16/04/2025 17:18;0;0;0;0
1039;16/04/2025 17:19;0;0;0;0
1040;16/04/2025 17:20;0;0;0;0
1041;16/04/2025 17:21;0;0;0;0
1042;16/04/2025 17:22;0;0;0;0
1043;16/04/2025 17:23;0;0;0;0
1044;16/04/2025 17:24;0;0;0;0
1045;16/04/2025 17:25;0;0;0;0
1046;16/04/2025 17:26;0;0;0;0
1047;16/04/2025 17:27;0;0;0;0
1048;16/04/2025 17:28;0;0;0;0
1049;16/04/2025 17:29;0;0;0;0
1050;16/04/2025 17:30;0;0;0;0
1051;16/04/2025 17:31;0;0;0;0
1052;16/04/2025 17:32;0;0;0;0
1053;16/04/2025 17:33;0;0;0;0
1054;16/04/2025 17:34;0;0;0;0
1055;16/04/2025 17:35;0;0;0;0
1056;16/04/2025 17:36;0;0;0;0
1057;16/04/2025 17:37;0;0;0;0
1058;16/04/2025 17:38;0;0;0;0
1059;16/04/2025 17:39;0;0;0;0
1060;16/04/2025 17:40;0;0;0;0
1061;16/04/2025 17:41;0;0;0;0
1062;16/04/2025 17:42;0;0;0;0
1063;16/04/2025 17:43;0;0;0;0
1064;16/04/2025 17:44;0;0;0;0
1065;16/04/2025 17:45;0;0;0;0
1066;16/04/2025 17:46;0;0;0;0
1067;16/04/2025 17:47;0;0;0;0
1068;16/04/2025 17:48;0;0;0;0
1069;16/04/2025 17:49;0;0;0;0
1070;16/04/2025 17:50;0;0;0;0
1071;16/04/2025 17:51;0;0;0;0
1072;16/04/2025 17:52;0;0;0;0
1073;16/04/2025 17:53;0;0;0;0
1074;16/04/2025 17:54;0;0;0;0
1075;16/04/2025 17:55;0;0;0;0
1076;16/04/2025 17:56;0;0;0;0
1077;16/04/2025 17:57;0;0;0;0
1078;16/04/2025 17:58;0;0;0;0
1079;16/04/2025 17:59;0;0;0;0
1080;16/04/2025 18:00;0;0;0;0
1081;16/04/2025 18:01;0;0;0;0
1082;16/04/2025 18:02;0;0;0;0
1083;16/04/2025 18:03;0;0;0;0
1084;16/04/2025 18:04;0;0;0;0
1085;16/04/2025 18:05;0;0;0;0
1086;16/04/2025 18:06;0;0;0;0
1087;16/04/2025 18:07;0;0;0;0
1088;16/04/2025 18:08;0;0;0;0
1089;16/04/2025 18:09;0;0;0;0
1090;16/04/2025 18:10;0;0;0;0
1091;16/04/2025 18:11;0;0;0;0
1092;16/04/2025 18:12;0;0;0;0
1093;16/04/2025 18:13;0;0;0;0
1094;16/04/2025 18:14;0;0;0;0
1095;16/04/2025 18:15;0;0;0;0
1096;16/04/2025 18:16;0;0;0;0
1097;16/04/2025 18:17;0;0;0;0
1098;16/04/2025 18:18;0;0;0;0
1099;16/04/2025 18:19;0;0;0;0
1100;16/04/2025 18:20;0;0;0;0
1101;16/04/2025 18:21;0;0;0;0
1102;16/04/2025 18:22;0;0;0;0
1103;16/04/2025 18:23;0;0;0;0
1104;16/04/2025 18:24;0;0;0;0
1105;16/04/2025 18:25;0;0;0;0
1106;16/04/2025 18:26;0;0;0;0
1107;16/04/2025 18:27;0;0;0;0
1108;16/04/2025 18:28;0;0;0;0
1109;16/04/2025 18:29;0;0;0;0
1110;16/04/2025 18:30;0;0;0;0
1111;16/04/2025 18:31;0;0;0;0
1112;16/04/2025 18:32;0;0;0;0
1113;16/04/2025 18:33;0;0;0;0
1114;16/04/2025 18:34;0;0;0;0
1115;16/04/2025 18:35;0;0;0;0
1116;16/04/2025 18:36;0;0;0;0
1117;16/04/2025 18:37;0;0;0;0
1118;16/04/2025 18:38;0;0;0;0
1119;16/04/2025 18:39;0;0;0;0
1120;16/04/2025 18:40;0;0;0;0
1121;16/04/2025 18:41;0;0;0;0
1122;16/04/2025 18:42;0;0;0;0
1123;16/04/2025 18:43;0;0;0;0
1124;16/04/2025 18:44;0;0;0;0
1125;16/04/2025 18:45;0;0;0;0
1126;16/04/2025 18:46;0;0;0;0
1127;16/04/2025 18:47;0;0;0;0
1128;16/04/2025 18:48;0;0;0;0
1129;16/04/2025 18:49;0;0;0;0
1130;16/04/2025 18:50;0;0;0;0
1131;16/04/2025 18:51;0;0;0;0
1132;16/04/2025 18:52;0;0;0;0
1133;16/04/2025 18:53;0;0;0;0
1134;16/04/2025 18:54;0;0;0;0
1135;16/04/2025 18:55;0;0;0;0
1136;16/04/2025 18:56;0;0;0;0
1137;16/04/2025 18:57;0;0;0;0
1138;16/04/2025 18:58;0;0;0;0
1139;16/04/2025 18:59;0;0;0;0
1140;16/04/2025 19:00;0;0;0;0
1141;16/04/2025 19:01;0;0;0;0
1142;16/04/2025 19:02;0;0;0;0
1143;16/04/2025 19:03;0;0;0;0
1144;16/04/2025 19:04;0;0;0;0
1145;16/04/2025 19:05;0;0;0;0
1146;16/04/2025 19:06;0;0;0;0
1147;16/04/2025 19:07;0;0;0;0
1148;16/04/2025 19:08;0;0;0;0
1149;16/04/2025 19:09;0;0;0;0
1150;16/04/2025 19:10;0;0;0;0
1151;16/04/2025 19:11;0;0;0;0
1152;16/04/2025 19:12;0;0;0;0
1153;16/04/2025 19:13;0;0;0;0
1154;16/04/2025 19:14;0;0;0;0
1155;16/04/2025 19:15;0;0;0;0
1156;16/04/2025 19:16;0;0;0;0
1157;16/04/2025 19:17;0;0;0;0
1158;16/04/2025 19:18;0;0;0;0
1159;16/04/2025 19:19;0;0;0;0
1160;16/04/2025 19:20;0;0;0;0
1161;16/04/2025 19:21;0;0;0;0
1162;16/04/2025 19:22;0;0;0;0
1163;16/04/2025 19:23;0;0;0;0
1164;16/04/2025 19:24;0;0;0;0
1165;16/04/2025 19:25;0;0;0;0
1166;16/04/2025 19:26;0;0;0;0
1167;16/04/2025 19:27;0;0;0;0
1168;16/04/2025 19:28;0;0;0;0
1169;16/04/2025 19:29;0;0;0;0
1170;16/04/2025 19:30;0;0;0;0
1171;16/04/2025 19:31;0;0;0;0
1172;16/04/2025 19:32;0;0;0;0
1173;16/04/2025 19:33;0;0;0;0
1174;16/04/2025 19:34;0;0;0;0
1175;16/04/2025 19:35;0;0;0;0
1176;16/04/2025 19:36;0;0;0;0
1177;16/04/2025 19:37;0;0;0;0
1178;16/04/2025 19:38;0;0;0;0
1179;16/04/2025 19:39;0;0;0;0
1180;16/04/2025 19:40;0;0;0;0
1181;16/04/2025 19:41;0;0;0;0
1182;16/04/2025 19:42;0;0;0;0
1183;16/04/2025 19:43;0;0;0;0
1184;16/04/2025 19:44;0;0;0;0
1185;16/04/2025 19:45;0;0;0;0
1186;16/04/2025 19:46;0;0;0;0
1187;16/04/2025 19:47;0;0;0;0
1188;16/04/2025 19:48;0;0;0;0
1189;16/04/2025 19:49;0;0;0;0
1190;16/04/2025 19:50;0;0;0;0
1191;16/04/2025 19:51;0;0;0;0
1192;16/04/2025 19:52;0;0;0;0
1193;16/04/2025 19:53;0;0;0;0
1194;16/04/2025 19:54;0;0;0;0
1195;16/04/2025 19:55;0;0;0;0
1196;16/04/2025 19:56;0;0;0;0
1197;16/04/2025 19:57;0;0;0;0
1198;16/04/2025 19:58;0;0;0;0
1199;16/04/2025 19:59;0;0;0;0
1200;16/04/2025 20:00;0;0;0;0
1201;16/04/2025 20:01;0;0;0;0
1202;16/04/2025 20:02;0;0;0;0
1203;16/04/2025 20:03;0;0;0;0
1204;16/04/2025 20:04;0;0;0;0
1205;16/04/2025 20:05;0;0;0;0
1206;16/04/2025 20:06;0;0;0;0
1207;16/04/2025 20:07;0;0;0;0
1208;16/04/2025 20:08;0;0;0;0
1209;16/04/2025 20:09;0;0;0;0
1210;16/04/2025 20:10;0;0;0;0
1211;16/04/2025 20:11;0;0;0;0
1212;16/04/2025 20:12;0;0;0;0
1213;16/04/2025 20:13;0;0;0;0
1214;16/04/2025 20:14;0;0;0;0
1215;16/04/2025 20:15;0;0;0;0
1216;16/04/2025 20:16;0;0;0;0
1217;16/04/2025 20:17;0;0;0;0
1218;16/04/2025 20:18;0;0;0;0
1219;16/04/2025 20:19;0;0;0;0
1220;16/04/2025 20:20;0;0;0;0
1221;16/04/2025 20:21;0;0;0;0
1222;16/04/2025 20:22;0;0;0;0
1223;16/04/2025 20:23;0;0;0;0
1224;16/04/2025 20:24;0;0;0;0
1225;16/04/2025 20:25;0;0;0;0
1226;16/04/2025 20:26;0;0;0;0
1227;16/04/2025 20:27;0;0;0;0
1228;16/04/2025 20:28;0;0;0;0
1229;16/04/2025 20:29;0;0;0;0
1230;16/04/2025 20:30;0;0;0;0
1231;16/04/2025 20:31;0;0;0;0
1232;16/04/2025 20:32;0;0;0;0
1233;16/04/2025 20:33;0;0;0;0
1234;16/04/2025 20:34;0;0;0;0
1235;16/04/2025 20:35;0;0;0;0
1236;16/04/2025 20:36;0;0;0;0
1237;16/04/2025 20:37;0;0;0;0
1238;16/04/2025 20:38;0;0;0;0
1239;16/04/2025 20:39;0;0;0;0
1240;16/04/2025 20:40;0;0;0;0
1241;16/04/2025 20:41;0;0;0;0
1242;16/04/2025 20:42;0;0;0;0
1243;16/04/2025 20:43;0;0;0;0
1244;16/04/2025 20:44;0;0;0;0
1245;16/04/2025 20:45;0;0;0;0
1246;16/04/2025 20:46;0;0;0;0
1247;16/04/2025 20:47;0;0;0;0
1248;16/04/2025 20:48;0;0;0;0
1249;16/04/2025 20:49;0;0;0;0
1250;16/04/2025 20:50;0;0;0;0
1251;16/04/2025 20:51;0;0;0;0
1252;16/04/2025 20:52;0;0;0;0
1253;16/04/2025 20:53;0;0;0;0
1254;16/04/2025 20:54;0;0;0;0
1255;16/04/2025 20:55;0;0;0;0
1256;16/04/2025 20:56;0;0;0;0
1257;16/04/2025 20:57;0;0;0;0
1258;16/04/2025 20:58;0;0;0;0
1259;16/04/2025 20:59;0;0;0;0
1260;16/04/2025 21:00;0;0;0;0
1261;16/04/2025 21:01;0;0;0;0
1262;16/04/2025 21:02;0;0;0;0
1263;16/04/2025 21:03;0;0;0;0
1264;16/04/2025 21:04;0;0;0;0
1265;16/04/2025 21:05;0;0;0;0
1266;16/04/2025 21:06;0;0;0;0
1267;16/04/2025 21:07;0;0;0;0
1268;16/04/2025 21:08;0;0;0;0
1269;16/04/2025 21:09;0;0;0;0
1270;16/04/2025 21:10;0;0;0;0
1271;16/04/2025 21:11;0;0;0;0
1272;16/04/2025 21:12;0;0;0;0
1273;16/04/2025 21:13;0;0;0;0
1274;16/04/2025 21:14;0;0;0;0
1275;16/04/2025 21:15;0;0;0;0
1276;16/04/2025 21:16;0;0;0;0
1277;16/04/2025 21:17;0;0;0;0
1278;16/04/2025 21:18;0;0;0;0
1279;16/04/2025 21:19;0;0;0;0
1280;16/04/2025 21:20;0;0;0;0
1281;16/04/2025 21:21;0;0;0;0
1282;16/04/2025 21:22;0;0;0;0
1283;16/04/2025 21:23;0;0;0;0
1284;16/04/2025 21:24;0;0;0;0
1285;16/04/2025 21:25;0;0;0;0
1286;16/04/2025 21:26;0;0;0;0
1287;16/04/2025 21:27;0;0;0;0
1288;16/04/2025 21:28;0;0;0;0
1289;16/04/2025 21:29;0;0;0;0
1290;16/04/2025 21:30;0;0;0;0
1291;16/04/2025 21:31;0;0;0;0
1292;16/04/2025 21:32;0;0;0;0
1293;16/04/2025 21:33;0;0;0;0
1294;16/04/2025 21:34;0;0;0;0
1295;16/04/2025 21:35;0;0;0;0
1296;16/04/2025 21:36;0;0;0;0
1297;16/04/2025 21:37;0;0;0;0
1298;16/04/2025 21:38;0;0;0;0
1299;16/04/2025 21:39;0;0;0;0
1300;16/04/2025 21:40;0;0;0;0
1301;16/04/2025 21:41;0;0;0;0
1302;16/04/2025 21:42;0;0;0;0
1303;16/04/2025 21:43;0;0;0;0
1304;16/04/2025 21:44;0;0;0;0
1305;16/04/2025 21:45;0;0;0;0
1306;16/04/2025 21:46;0;0;0;0
1307;16/04/2025 21:47;0;0;0;0
1308;16/04/2025 21:48;0;0;0;0
1309;16/04/2025 21:49;0;0;0;0
1310;16/04/2025 21:50;0;0;0;0
1311;16/04/2025 21:51;0;0;0;0
1312;16/04/2025 21:52;0;0;0;0
1313;16/04/2025 21:53;0;0;0;0
1314;16/04/2025 21:54;0;0;0;0
1315;16/04/2025 21:55;0;0;0;0
1316;16/04/2025 21:56;0;0;0;0
1317;16/04/2025 21:57;0;0;0;0
1318;16/04/2025 21:58;0;0;0;0
1319;16/04/2025 21:59;0;0;0;0
1320;16/04/2025 22:00;0;0;0;0
1321;16/04/2025 22:01;0;0;0;0
1322;16/04/2025 22:02;0;0;0;0
1323;16/04/2025 22:03;0;0;0;0
1324;16/04/2025 22:04;0;0;0;0
1325;16/04/2025 22:05;0;0;0;0
1326;16/04/2025 22:06;0;0;0;0
1327;16/04/2025 22:07;0;0;0;0
1328;16/04/2025 22:08;0;0;0;0
1329;16/04/2025 22:09;0;0;0;0
1330;16/04/2025 22:10;0;0;0;0
1331;16/04/2025 22:11;0;0;0;0
1332;16/04/2025 22:12;0;0;0;0
1333;16/04/2025 22:13;0;0;0;0
1334;16/04/2025 22:14;0;0;0;0
1335;16/04/2025 22:15;0;0;0;0
1336;16/04/2025 22:16;0;0;0;0
1337;16/04/2025 22:17;0;0;0;0
1338;16/04/2025 22:18;0;0;0;0
1339;16/04/2025 22:19;0;0;0;0
1340;16/04/2025 22:20;0;0;0;0
1341;16/04/2025 22:21;0;0;0;0
1342;16/04/2025 22:22;0;0;0;0
1343;16/04/2025 22:23;0;0;0;0
1344;16/04/2025 22:24;0;0;0;0
1345;16/04/2025 22:25;0;0;0;0
1346;16/04/2025 22:26;0;0;0;0
1347;16/04/2025 22:27;0;0;0;0
1348;16/04/2025 22:28;0;0;0;0
1349;16/04/2025 22:29;0;0;0;0
1350;16/04/2025 22:30;0;0;0;0
1351;16/04/2025 22:31;0;0;0;0
1352;16/04/2025 22:32;0;0;0;0
1353;16/04/2025 22:33;0;0;0;0
1354;16/04/2025 22:34;0;0;0;0
1355;16/04/2025 22:35;0;0;0;0
1356;16/04/2025 22:36;0;0;0;0
1357;16/04/2025 22:37;0;0;0;0
1358;16/04/2025 22:38;0;0;0;0
1359;16/04/2025 22:39;0;0;0;0
1360;16/04/2025 22:40;0;0;0;0
1361;16/04/2025 22:41;0;0;0;0
1362;16/04/2025 22:42;0;0;0;0
1363;16/04/2025 22:43;0;0;0;0
1364;16/04/2025 22:44;0;0;0;0
1365;16/04/2025 22:45;0;0;0;0
1366;16/04/2025 22:46;0;0;0;0
1367;16/04/2025 22:47;0;0;0;0
1368;16/04/2025 22:48;0;0;0;0
1369;16/04/2025 22:49;0;0;0;0
1370;16/04/2025 22:50;0;0;0;0
1371;16/04/2025 22:51;0;0;0;0
1372;16/04/2025 22:52;0;0;0;0
1373;16/04/2025 22:53;0;0;0;0
1374;16/04/2025 22:54;0;0;0;0
1375;16/04/2025 22:55;0;0;0;0
1376;16/04/2025 22:56;0;0;0;0
1377;16/04/2025 22:57;0;0;0;0
1378;16/04/2025 22:58;0;0;0;0
1379;16/04/2025 22:59;0;0;0;0
1380;16/04/2025 23:00;0;0;0;0
1381;16/04/2025 23:01;0;0;0;0
1382;16/04/2025 23:02;0;0;0;0
1383;16/04/2025 23:03;0;0;0;0
1384;16/04/2025 23:04;0;0;0;0
1385;16/04/2025 23:05;0;0;0;0
1386;16/04/2025 23:06;0;0;0;0
1387;16/04/2025 23:07;0;0;0;0
1388;16/04/2025 23:08;0;0;0;0
1389;16/04/2025 23:09;0;0;0;0
1390;16/04/2025 23:10;0;0;0;0
1391;16/04/2025 23:11;0;0;0;0
1392;16/04/2025 23:12;0;0;0;0
1393;16/04/2025 23:13;0;0;0;0
1394;16/04/2025 23:14;0;0;0;0
1395;16/04/2025 23:15;0;0;0;0
1396;16/04/2025 23:16;0;0;0;0
1397;16/04/2025 23:17;0;0;0;0
1398;16/04/2025 23:18;0;0;0;0
1399;16/04/2025 23:19;0;0;0;0
1400;16/04/2025 23:20;0;0;0;0
1401;16/04/2025 23:21;0;0;0;0
1402;16/04/2025 23:22;0;0;0;0
1403;16/04/2025 23:23;0;0;0;0
1404;16/04/2025 23:24;0;0;0;0
1405;16/04/2025 23:25;0;0;0;0
1406;16/04/2025 23:26;0;0;0;0
1407;16/04/2025 23:27;0;0;0;0
1408;16/04/2025 23:28;0;0;0;0
1409;16/04/2025 23:29;0;0;0;0
1410;16/04/2025 23:30;0;0;0;0
1411;16/04/2025 23:31;0;0;0;0
1412;16/04/2025 23:32;0;0;0;0
1413;16/04/2025 23:33;0;0;0;0
1414;16/04/2025 23:34;0;0;0;0
1415;16/04/2025 23:35;0;0;0;0
1416;16/04/2025 23:36;0;0;0;0
1417;16/04/2025 23:37;0;0;0;0
1418;16/04/2025 23:38;0;0;0;0
1419;16/04/2025 23:39;0;0;0;0
1420;16/04/2025 23:40;0;0;0;0
1421;16/04/2025 23:41;0;0;0;0
1422;16/04/2025 23:42;0;0;0;0
1423;16/04/2025 23:43;0;0;0;0
1424;16/04/2025 23:44;0;0;0;0
1425;16/04/2025 23:45;0;0;0;0
1426;16/04/2025 23:46;0;0;0;0
1427;16/04/2025 23:47;0;0;0;0
1428;16/04/2025 23:48;0;0;0;0
1429;16/04/2025 23:49;0;0;0;0
1430;16/04/2025 23:50;0;0;0;0
1431;16/04/2025 23:51;0;0;0;0
1432;16/04/2025 23:52;0;0;0;0
1433;16/04/2025 23:53;0;0;0;0
1434;16/04/2025 23:54;0;0;0;0
1435;16/04/2025 23:55;0;0;0;0
1436;16/04/2025 23:56;0;0;0;0
1437;16/04/2025 23:57;0;0;0;0
1438;16/04/2025 23:58;0;0;0;0
1439;16/04/2025 23:59;0;0;0;0
1440;17/04/2025 00:00;0;0;0;0
1441;17/04/2025 00:01;0;0;0;0
1442;17/04/2025 00:02;0;0;0;0
1443;17/04/2025 00:03;0;0;0;0
1444;17/04/2025 00:04;0;0;0;0
1445;17/04/2025 00:05;0;0;0;0
1446;17/04/2025 00:06;0;0;0;0
1447;17/04/2025 00:07;0;0;0;0
1448;17/04/2025 00:08;0;0;0;0
1449;17/04/2025 00:09;0;0;0;0
1450;17/04/2025 00:10;0;0;0;0
1451;17/04/2025 00:11;0;0;0;0
1452;17/04/2025 00:12;0;0;0;0
1453;17/04/2025 00:13;0;0;0;0
1454;17/04/2025 00:14;0;0;0;0
1455;17/04/2025 00:15;0;0;0;0
1456;17/04/2025 00:16;0;0;0;0
1457;17/04/2025 00:17;0;0;0;0
1458;17/04/2025 00:18;0;0;0;0
1459;17/04/2025 00:19;0;0;0;0
1460;17/04/2025 00:20;0;0;0;0
1461;17/04/2025 00:21;0;0;0;0
1462;17/04/2025 00:22;0;0;0;0
1463;17/04/2025 00:23;0;0;0;0
1464;17/04/2025 00:24;0;0;0;0
1465;17/04/2025 00:25;0;0;0;0
1466;17/04/2025 00:26;0;0;0;0
1467;17/04/2025 00:27;0;0;0;0
1468;17/04/2025 00:28;0;0;0;0
1469;17/04/2025 00:29;0;0;0;0
1470;17/04/2025 00:30;0;0;0;0
1471;17/04/2025 00:31;0;0;0;0
1472;17/04/2025 00:32;0;0;0;0
1473;17/04/2025 00:33;0;0;0;0
1474;17/04/2025 00:34;0;0;0;0
1475;17/04/2025 00:35;0;0;0;0
1476;17/04/2025 00:36;0;0;0;0
1477;17/04/2025 00:37;0;0;0;0
1478;17/04/2025 00:38;0;0;0;0
1479;17/04/2025 00:39;0;0;0;0
1480;17/04/2025 00:40;0;0;0;0
1481;17/04/2025 00:41;0;0;0;0
1482;17/04/2025 00:42;0;0;0;0
1483;17/04/2025 00:43;0;0;0;0
1484;17/04/2025 00:44;0;0;0;0
1485;17/04/2025 00:45;0;0;0;0
1486;17/04/2025 00:46;0;0;0;0
1487;17/04/2025 00:47;0;0;0;0
1488;17/04/2025 00:48;0;0;0;0
1489;17/04/2025 00:49;0;0;0;0
1490;17/04/2025 00:50;0;0;0;0
1491;17/04/2025 00:51;0;0;0;0
1492;17/04/2025 00:52;0;0;0;0
1493;17/04/2025 00:53;0;0;0;0
1494;17/04/2025 00:54;0;0;0;0
1495;17/04/2025 00:55;0;0;0;0
1496;17/04/2025 00:56;0;0;0;0
1497;17/04/2025 00:57;0;0;0;0
1498;17/04/2025 00:58;0;0;0;0
1499;17/04/2025 00:59;0;0;0;0
1500;17/04/2025 01:00;0;0;0;0
1501;17/04/2025 01:01;0;0;0;0
1502;17/04/2025 01:02;0;0;0;0
1503;17/04/2025 01:03;0;0;0;0
1504;17/04/2025 01:04;0;0;0;0
1505;17/04/2025 01:05;0;0;0;0
1506;17/04/2025 01:06;0;0;0;0
1507;17/04/2025 01:07;0;0;0;0
1508;17/04/2025 01:08;0;0;0;0
1509;17/04/2025 01:09;0;0;0;0
1510;17/04/2025 01:10;0;0;0;0
1511;17/04/2025 01:11;0;0;0;0
1512;17/04/2025 01:12;0;0;0;0
1513;17/04/2025 01:13;0;0;0;0
1514;17/04/2025 01:14;0;0;0;0
1515;17/04/2025 01:15;0;0;0;0
1516;17/04/2025 01:16;0;0;0;0
1517;17/04/2025 01:17;0;0;0;0
1518;17/04/2025 01:18;0;0;0;0
1519;17/04/2025 01:19;0;0;0;0
1520;17/04/2025 01:20;0;0;0;0
1521;17/04/2025 01:21;0;0;0;0
1522;17/04/2025 01:22;0;0;0;0
1523;17/04/2025 01:23;0;0;0;0
1524;17/04/2025 01:24;0;0;0;0
1525;17/04/2025 01:25;0;0;0;0
1526;17/04/2025 01:26;0;0;0;0
1527;17/04/2025 01:27;0;0;0;0
1528;17/04/2025 01:28;0;0;0;0
1529;17/04/2025 01:29;0;0;0;0
1530;17/04/2025 01:30;0;0;0;0
1531;17/04/2025 01:31;0;0;0;0
1532;17/04/2025 01:32;0;0;0;0
1533;17/04/2025 01:33;0;0;0;0
1534;17/04/2025 01:34;0;0;0;0
1535;17/04/2025 01:35;0;0;0;0
1536;17/04/2025 01:36;0;0;0;0
1537;17/04/2025 01:37;0;0;0;0
1538;17/04/2025 01:38;0;0;0;0
1539;17/04/2025 01:39;0;0;0;0
1540;17/04/2025 01:40;0;0;0;0
1541;17/04/2025 01:41;0;0;0;0
1542;17/04/2025 01:42;0;0;0;0
1543;17/04/2025 01:43;0;0;0;0
1544;17/04/2025 01:44;0;0;0;0
1545;17/04/2025 01:45;0;0;0;0
1546;17/04/2025 01:46;0;0;0;0
1547;17/04/2025 01:47;0;0;0;0
1548;17/04/2025 01:48;0;0;0;0
1549;17/04/2025 01:49;0;0;0;0
1550;17/04/2025 01:50;0;0;0;0
1551;17/04/2025 01:51;0;0;0;0
1552;17/04/2025 01:52;0;0;0;0
1553;17/04/2025 01:53;0;0;0;0
1554;17/04/2025 01:54;0;0;0;0
1555;17/04/2025 01:55;0;0;0;0
1556;17/04/2025 01:56;0;0;0;0
1557;17/04/2025 01:57;0;0;0;0
1558;17/04/2025 01:58;0;0;0;0
1559;17/04/2025 01:59;0;0;0;0
1560;17/04/2025 02:00;0;0;0;0
1561;17/04/2025 02:01;0;0;0;0
1562;17/04/2025 02:02;0;0;0;0
1563;17/04/2025 02:03;0;0;0;0
1564;17/04/2025 02:04;0;0;0;0
1565;17/04/2025 02:05;0;0;0;0
1566;17/04/2025 02:06;0;0;0;0
1567;17/04/2025 02:07;0;0;0;0
1568;17/04/2025 02:08;0;0;0;0
1569;17/04/2025 02:09;0;0;0;0
1570;17/04/2025 02:10;0;0;0;0
1571;17/04/2025 02:11;0;0;0;0
1572;17/04/2025 02:12;0;0;0;0
1573;17/04/2025 02:13;0;0;0;0
1574;17/04/2025 02:14;0;0;0;0
1575;17/04/2025 02:15;0;0;0;0
1576;17/04/2025 02:16;0;0;0;0
1577;17/04/2025 02:17;0;0;0;0
1578;17/04/2025 02:18;0;0;0;0
1579;17/04/2025 02:19;0;0;0;0
1580;17/04/2025 02:20;0;0;0;0
1581;17/04/2025 02:21;0;0;0;0
1582;17/04/2025 02:22;0;0;0;0
1583;17/04/2025 02:23;0;0;0;0
1584;17/04/2025 02:24;0;0;0;0
1585;17/04/2025 02:25;0;0;0;0
1586;17/04/2025 02:26;0;0;0;0
1587;17/04/2025 02:27;0;0;0;0
1588;17/04/2025 02:28;0;0;0;0
1589;17/04/2025 02:29;0;0;0;0
1590;17/04/2025 02:30;0;0;0;0
1591;17/04/2025 02:31;0;0;0;0
1592;17/04/2025 02:32;0;0;0;0
1593;17/04/2025 02:33;0;0;0;0
1594;17/04/2025 02:34;0;0;0;0
1595;17/04/2025 02:35;0;0;0;0
1596;17/04/2025 02:36;0;0;0;0
1597;17/04/2025 02:37;0;0;0;0
1598;17/04/2025 02:38;0;0;0;0
1599;17/04/2025 02:39;0;0;0;0
1600;17/04/2025 02:40;0;0;0;0
1601;17/04/2025 02:41;0;0;0;0
1602;17/04/2025 02:42;0;0;0;0
1603;17/04/2025 02:43;0;0;0;0
1604;17/04/2025 02:44;0;0;0;0
1605;17/04/2025 02:45;0;0;0;0
1606;17/04/2025 02:46;0;0;0;0
1607;17/04/2025 02:47;0;0;0;0
1608;17/04/2025 02:48;0;0;0;0
1609;17/04/2025 02:49;0;0;0;0
1610;17/04/2025 02:50;0;0;0;0
1611;17/04/2025 02:51;0;0;0;0
1612;17/04/2025 02:52;0;0;0;0
1613;17/04/2025 02:53;0;0;0;0
1614;17/04/2025 02:54;0;0;0;0
1615;17/04/2025 02:55;0;0;0;0
1616;17/04/2025 02:56;0;0;0;0
1617;17/04/2025 02:57;0;0;0;0
1618;17/04/2025 02:58;0;0;0;0
1619;17/04/2025 02:59;0;0;0;0
1620;17/04/2025 03:00;0;0;0;0
1621;17/04/2025 03:01;0;0;0;0
1622;17/04/2025 03:02;0;0;0;0
1623;17/04/2025 03:03;0;0;0;0
1624;17/04/2025 03:04;0;0;0;0
1625;17/04/2025 03:05;0;0;0;0
1626;17/04/2025 03:06;0;0;0;0
1627;17/04/2025 03:07;0;0;0;0
1628;17/04/2025 03:08;0;0;0;0
1629;17/04/2025 03:09;0;0;0;0
1630;17/04/2025 03:10;0;0;0;0
1631;17/04/2025 03:11;0;0;0;0
1632;17/04/2025 03:12;0;0;0;0
1633;17/04/2025 03:13;0;0;0;0
1634;17/04/2025 03:14;0;0;0;0
1635;17/04/2025 03:15;0;0;0;0
1636;17/04/2025 03:16;0;0;0;0
1637;17/04/2025 03:17;0;0;0;0
1638;17/04/2025 03:18;0;0;0;0
1639;17/04/2025 03:19;0;0;0;0
1640;17/04/2025 03:20;0;0;0;0
1641;17/04/2025 03:21;0;0;0;0
1642;17/04/2025 03:22;0;0;0;0
1643;17/04/2025 03:23;0;0;0;0
1644;17/04/2025 03:24;0;0;0;0
1645;17/04/2025 03:25;0;0;0;0
1646;17/04/2025 03:26;0;0;0;0
1647;17/04/2025 03:27;0;0;0;0
1648;17/04/2025 03:28;0;0;0;0
1649;17/04/2025 03:29;0;0;0;0
1650;17/04/2025 03:30;0;0;0;0
1651;17/04/2025 03:31;0;0;0;0
1652;17/04/2025 03:32;0;0;0;0
1653;17/04/2025 03:33;0;0;0;0
1654;17/04/2025 03:34;0;0;0;0
1655;17/04/2025 03:35;0;0;0;0
1656;17/04/2025 03:36;0;0;0;0
1657;17/04/2025 03:37;0;0;0;0
1658;17/04/2025 03:38;0;0;0;0
1659;17/04/2025 03:39;0;0;0;0
1660;17/04/2025 03:40;0;0;0;0
1661;17/04/2025 03:41;0;0;0;0
1662;17/04/2025 03:42;0;0;0;0
1663;17/04/2025 03:43;0;0;0;0
1664;17/04/2025 03:44;0;0;0;0
1665;17/04/2025 03:45;0;0;0;0
1666;17/04/2025 03:46;0;0;0;0
1667;17/04/2025 03:47;0;0;0;0
1668;17/04/2025 03:48;0;0;0;0
1669;17/04/2025 03:49;0;0;0;0
1670;17/04/2025 03:50;0;0;0;0
1671;17/04/2025 03:51;0;0;0;0
1672;17/04/2025 03:52;0;0;0;0
1673;17/04/2025 03:53;0;0;0;0
1674;17/04/2025 03:54;0;0;0;0
1675;17/04/2025 03:55;0;0;0;0
1676;17/04/2025 03:56;0;0;0;0
1677;17/04/2025 03:57;0;0;0;0
1678;17/04/2025 03:58;0;0;0;0
1679;17/04/2025 03:59;0;0;0;0
1680;17/04/2025 04:00;0;0;0;0
1681;17/04/2025 04:01;0;0;0;0
1682;17/04/2025 04:02;0;0;0;0
1683;17/04/2025 04:03;0;0;0;0
1684;17/04/2025 04:04;0;0;0;0
1685;17/04/2025 04:05;0;0;0;0
1686;17/04/2025 04:06;0;0;0;0
1687;17/04/2025 04:07;0;0;0;0
1688;17/04/2025 04:08;0;0;0;0
1689;17/04/2025 04:09;0;0;0;0
1690;17/04/2025 04:10;0;0;0;0
1691;17/04/2025 04:11;0;0;0;0
1692;17/04/2025 04:12;0;0;0;0
1693;17/04/2025 04:13;0;0;0;0
1694;17/04/2025 04:14;0;0;0;0
1695;17/04/2025 04:15;0;0;0;0
1696;17/04/2025 04:16;0;0;0;0
1697;17/04/2025 04:17;0;0;0;0
1698;17/04/2025 04:18;0;0;0;0
1699;17/04/2025 04:19;0;0;0;0
1700;17/04/2025 04:20;0;0;0;0
1701;17/04/2025 04:21;0;0;0;0
1702;17/04/2025 04:22;0;0;0;0
1703;17/04/2025 04:23;0;0;0;0
1704;17/04/2025 04:24;0;0;0;0
1705;17/04/2025 04:25;0;0;0;0
1706;17/04/2025 04:26;0;0;0;0
1707;17/04/2025 04:27;0;0;0;0
1708;17/04/2025 04:28;0;0;0;0
1709;17/04/2025 04:29;0;0;0;0
1710;17/04/2025 04:30;0;0;0;0
1711;17/04/2025 04:31;0;0;0;0
1712;17/04/2025 04:32;0;0;0;0
1713;17/04/2025 04:33;0;0;0;0
1714;17/04/2025 04:34;0;0;0;0
1715;17/04/2025 04:35;0;0;0;0
1716;17/04/2025 04:36;0;0;0;0
1717;17/04/2025 04:37;0;0;0;0
1718;17/04/2025 04:38;0;0;0;0
1719;17/04/2025 04:39;0;0;0;0
1720;17/04/2025 04:40;0;0;0;0
1721;17/04/2025 04:41;0;0;0;0
1722;17/04/2025 04:42;0;0;0;0
1723;17/04/2025 04:43;0;0;0;0
1724;17/04/2025 04:44;0;0;0;0
1725;17/04/2025 04:45;0;0;0;0
1726;17/04/2025 04:46;0;0;0;0
1727;17/04/2025 04:47;0;0;0;0
1728;17/04/2025 04:48;0;0;0;0
1729;17/04/2025 04:49;0;0;0;0
1730;17/04/2025 04:50;0;0;0;0
1731;17/04/2025 04:51;0;0;0;0
1732;17/04/2025 04:52;0;0;0;0
1733;17/04/2025 04:53;0;0;0;0
1734;17/04/2025 04:54;0;0;0;0
1735;17/04/2025 04:55;0;0;0;0
1736;17/04/2025 04:56;0;0;0;0
1737;17/04/2025 04:57;0;0;0;0
1738;17/04/2025 04:58;0;0;0;0
1739;17/04/2025 04:59;0;0;0;0
1740;17/04/2025 05:00;0;0;0;0
1741;17/04/2025 05:01;0;0;0;0
1742;17/04/2025 05:02;0;0;0;0
1743;17/04/2025 05:03;0;0;0;0
1744;17/04/2025 05:04;0;0;0;0
1745;17/04/2025 05:05;0;0;0;0
1746;17/04/2025 05:06;0;0;0;0
1747;17/04/2025 05:07;0;0;0;0
1748;17/04/2025 05:08;0;0;0;0
1749;17/04/2025 05:09;0;0;0;0
1750;17/04/2025 05:10;0;0;0;0
1751;17/04/2025 05:11;0;0;0;0
1752;17/04/2025 05:12;0;0;0;0
1753;17/04/2025 05:13;0;0;0;0
1754;17/04/2025 05:14;0;0;0;0
1755;17/04/2025 05:15;0;0;0;0
1756;17/04/2025 05:16;0;0;0;0
1757;17/04/2025 05:17;0;0;0;0
1758;17/04/2025 05:18;0;0;0;0
1759;17/04/2025 05:19;0;0;0;0
1760;17/04/2025 05:20;0;0;0;0
1761;17/04/2025 05:21;0;0;0;0
1762;17/04/2025 05:22;0;0;0;0
1763;17/04/2025 05:23;0;0;0;0
1764;17/04/2025 05:24;0;0;0;0
1765;17/04/2025 05:25;0;0;0;0
1766;17/04/2025 05:26;0;0;0;0
1767;17/04/2025 05:27;0;0;0;0
1768;17/04/2025 05:28;0;0;0;0
1769;17/04/2025 05:29;0;0;0;0
1770;17/04/2025 05:30;0;0;0;0
1771;17/04/2025 05:31;0;0;0;0
1772;17/04/2025 05:32;0;0;0;0
1773;17/04/2025 05:33;0;0;0;0
1774;17/04/2025 05:34;0;0;0;0
1775;17/04/2025 05:35;0;0;0;0
1776;17/04/2025 05:36;0;0;0;0
1777;17/04/2025 05:37;0;0;0;0
1778;17/04/2025 05:38;0;0;0;0
1779;17/04/2025 05:39;0;0;0;0
1780;17/04/2025 05:40;0;0;0;0
1781;17/04/2025 05:41;0;0;0;0
1782;17/04/2025 05:42;0;0;0;0
1783;17/04/2025 05:43;0;0;0;0
1784;17/04/2025 05:44;0;0;0;0
1785;17/04/2025 05:45;0;0;0;0
1786;17/04/2025 05:46;0;0;0;0
1787;17/04/2025 05:47;0;0;0;0
1788;17/04/2025 05:48;0;0;0;0
1789;17/04/2025 05:49;0;0;0;0
1790;17/04/2025 05:50;0;0;0;0
1791;17/04/2025 05:51;0;0;0;0
1792;17/04/2025 05:52;0;0;0;0
1793;17/04/2025 05:53;0;0;0;0
1794;17/04/2025 05:54;0;0;0;0
1795;17/04/2025 05:55;0;0;0;0
1796;17/04/2025 05:56;0;0;0;0
1797;17/04/2025 05:57;0;0;0;0
1798;17/04/2025 05:58;0;0;0;0
1799;17/04/2025 05:59;0;0;0;0
1800;17/04/2025 06:00;0;0;0;0
1801;17/04/2025 06:01;0;0;0;0
1802;17/04/2025 06:02;0;0;0;0
1803;17/04/2025 06:03;0;0;0;0
1804;17/04/2025 06:04;0;0;0;0
1805;17/04/2025 06:05;0;0;0;0
1806;17/04/2025 06:06;0;0;0;0
1807;17/04/2025 06:07;0;0;0;0
1808;17/04/2025 06:08;0;0;0;0
1809;17/04/2025 06:09;0;0;0;0
1810;17/04/2025 06:10;0;0;0;0
1811;17/04/2025 06:11;0;0;0;0
1812;17/04/2025 06:12;0;0;0;0
1813;17/04/2025 06:13;0;0;0;0
1814;17/04/2025 06:14;0;0;0;0
1815;17/04/2025 06:15;0;0;0;0
1816;17/04/2025 06:16;0;0;0;0
1817;17/04/2025 06:17;0;0;0;0
1818;17/04/2025 06:18;0;0;0;0
1819;17/04/2025 06:19;0;0;0;0
1820;17/04/2025 06:20;0;0;0;0
1821;17/04/2025 06:21;0;0;0;0
1822;17/04/2025 06:22;0;0;0;0
1823;17/04/2025 06:23;0;0;0;0
1824;17/04/2025 06:24;0;0;0;0
1825;17/04/2025 06:25;0;0;0;0
1826;17/04/2025 06:26;0;0;0;0
1827;17/04/2025 06:27;0;0;0;0
1828;17/04/2025 06:28;0;0;0;0
1829;17/04/2025 06:29;0;0;0;0
1830;17/04/2025 06:30;0;0;0;0
1831;17/04/2025 06:31;0;0;0;0
1832;17/04/2025 06:32;0;0;0;0
1833;17/04/2025 06:33;0;0;0;0
1834;17/04/2025 06:34;0;0;0;0
1835;17/04/2025 06:35;0;0;0;0
1836;17/04/2025 06:36;0;0;0;0
1837;17/04/2025 06:37;0;0;0;0
1838;17/04/2025 06:38;0;0;0;0
1839;17/04/2025 06:39;0;0;0;0
1840;17/04/2025 06:40;0;0;0;0
1841;17/04/2025 06:41;0;0;0;0
1842;17/04/2025 06:42;0;0;0;0
1843;17/04/2025 06:43;0;0;0;0
1844;17/04/2025 06:44;0;0;0;0
1845;17/04/2025 06:45;0;0;0;0
1846;17/04/2025 06:46;0;0;0;0
1847;17/04/2025 06:47;0;0;0;0
1848;17/04/2025 06:48;0;0;0;0
1849;17/04/2025 06:49;0;0;0;0
1850;17/04/2025 06:50;0;0;0;0
1851;17/04/2025 06:51;0;0;0;0
1852;17/04/2025 06:52;0;0;0;0
1853;17/04/2025 06:53;0;0;0;0
1854;17/04/2025 06:54;0;0;0;0
1855;17/04/2025 06:55;0;0;0;0
1856;17/04/2025 06:56;0;0;0;0
1857;17/04/2025 06:57;0;0;0;0
1858;17/04/2025 06:58;0;0;0;0
1859;17/04/2025 06:59;0;0;0;0
1860;17/04/2025 07:00;0;0;0;0
1861;17/04/2025 07:01;0;0;0;0
1862;17/04/2025 07:02;0;0;0;0
1863;17/04/2025 07:03;0;0;0;0
1864;17/04/2025 07:04;0;0;0;0
1865;17/04/2025 07:05;0;0;0;0
1866;17/04/2025 07:06;0;0;0;0
1867;17/04/2025 07:07;0;0;0;0
1868;17/04/2025 07:08;0;0;0;0
1869;17/04/2025 07:09;0;0;0;0
1870;17/04/2025 07:10;0;0;0;0
1871;17/04/2025 07:11;0;0;0;0
1872;17/04/2025 07:12;0;0;0;0
1873;17/04/2025 07:13;0;0;0;0
1874;17/04/2025 07:14;0;0;0;0
1875;17/04/2025 07:15;0;0;0;0
1876;17/04/2025 07:16;0;0;0;0
1877;17/04/2025 07:17;0;0;0;0
1878;17/04/2025 07:18;0;0;0;0
1879;17/04/2025 07:19;0;0;0;0
1880;17/04/2025 07:20;0;0;0;0
1881;17/04/2025 07:21;0;0;0;0
1882;17/04/2025 07:22;0;0;0;0
1883;17/04/2025 07:23;0;0;0;0
1884;17/04/2025 07:24;0;0;0;0
1885;17/04/2025 07:25;0;0;0;0
1886;17/04/2025 07:26;0;0;0;0
1887;17/04/2025 07:27;0;0;0;0
1888;17/04/2025 07:28;0;0;0;0
1889;17/04/2025 07:29;0;0;0;0
1890;17/04/2025 07:30;0;0;0;0
1891;17/04/2025 07:31;0;0;0;0
1892;17/04/2025 07:32;0;0;0;0
1893;17/04/2025 07:33;0;0;0;0
1894;17/04/2025 07:34;0;0;0;0
1895;17/04/2025 07:35;0;0;0;0
1896;17/04/2025 07:36;0;0;0;0
1897;17/04/2025 07:37;0;0;0;0
1898;17/04/2025 07:38;0;0;0;0
1899;17/04/2025 07:39;0;0;0;0
1900;17/04/2025 07:40;0;0;0;0
1901;17/04/2025 07:41;0;0;0;0
1902;17/04/2025 07:42;0;0;0;0
1903;17/04/2025 07:43;0;0;0;0
1904;17/04/2025 07:44;0;0;0;0
1905;17/04/2025 07:45;0;0;0;0
1906;17/04/2025 07:46;0;0;0;0
1907;17/04/2025 07:47;0;0;0;0
1908;17/04/2025 07:48;0;0;0;0
1909;17/04/2025 07:49;0;0;0;0
1910;17/04/2025 07:50;0;0;0;0
1911;17/04/2025 07:51;0;0;0;0
1912;17/04/2025 07:52;0;0;0;0
1913;17/04/2025 07:53;0;0;0;0
1914;17/04/2025 07:54;0;0;0;0
1915;17/04/2025 07:55;0;0;0;0
1916;17/04/2025 07:56;0;0;0;0
1917;17/04/2025 07:57;0;0;0;0
1918;17/04/2025 07:58;0;0;0;0
1919;17/04/2025 07:59;0;0;0;0
1920;17/04/2025 08:00;0;0;0;0
1921;17/04/2025 08:01;0;0;0;0
1922;17/04/2025 08:02;0;0;0;0
1923;17/04/2025 08:03;0;0;0;0
1924;17/04/2025 08:04;0;0;0;0
1925;17/04/2025 08:05;0;0;0;0
1926;17/04/2025 08:06;0;0;0;0
1927;17/04/2025 08:07;0;0;0;0
1928;17/04/2025 08:08;0;0;0;0
1929;17/04/2025 08:09;0;0;0;0
1930;17/04/2025 08:10;0;0;0;0
1931;17/04/2025 08:11;0;0;0;0
1932;17/04/2025 08:12;0;0;0;0
1933;17/04/2025 08:13;0;0;0;0
1934;17/04/2025 08:14;0;0;0;0
1935;17/04/2025 08:15;0;0;0;0
1936;17/04/2025 08:16;0;0;0;0
1937;17/04/2025 08:17;0;0;0;0
1938;17/04/2025 08:18;0;0;0;0
1939;17/04/2025 08:19;0;0;0;0
1940;17/04/2025 08:20;0;0;0;0
1941;17/04/2025 08:21;0;0;0;0
1942;17/04/2025 08:22;0;0;0;0
1943;17/04/2025 08:23;0;0;0;0
1944;17/04/2025 08:24;0;0;0;0
1945;17/04/2025 08:25;0;0;0;0
1946;17/04/2025 08:26;0;0;0;0
1947;17/04/2025 08:27;0;0;0;0
1948;17/04/2025 08:28;0;0;0;0
1949;17/04/2025 08:29;0;0;0;0
1950;17/04/2025 08:30;0;0;0;0
1951;17/04/2025 08:31;0;0;0;0
1952;17/04/2025 08:32;0;0;0;0
1953;17/04/2025 08:33;0;0;0;0
1954;17/04/2025 08:34;0;0;0;0
1955;17/04/2025 08:35;0;0;0;0
1956;17/04/2025 08:36;0;0;0;0
1957;17/04/2025 08:37;0;0;0;0
1958;17/04/2025 08:38;0;0;0;0
1959;17/04/2025 08:39;0;0;0;0
1960;17/04/2025 08:40;0;0;0;0
1961;17/04/2025 08:41;0;0;0;0
1962;17/04/2025 08:42;0;0;0;0
1963;17/04/2025 08:43;0;0;0;0
1964;17/04/2025 08:44;0;0;0;0
1965;17/04/2025 08:45;0;0;0;0
1966;17/04/2025 08:46;0;0;0;0
1967;17/04/2025 08:47;0;0;0;0
1968;17/04/2025 08:48;0;0;0;0
1969;17/04/2025 08:49;0;0;0;0
1970;17/04/2025 08:50;0;0;0;0
1971;17/04/2025 08:51;0;0;0;0
1972;17/04/2025 08:52;0;0;0;0
1973;17/04/2025 08:53;0;0;0;0
1974;17/04/2025 08:54;0;0;0;0
1975;17/04/2025 08:55;0;0;0;0
1976;17/04/2025 08:56;0;0;0;0
1977;17/04/2025 08:57;0;0;0;0
1978;17/04/2025 08:58;0;0;0;0
1979;17/04/2025 08:59;0;0;0;0
1980;17/04/2025 09:00;0;0;0;0
1981;17/04/2025 09:01;0;0;0;0
1982;17/04/2025 09:02;0;0;0;0
1983;17/04/2025 09:03;0;0;0;0
1984;17/04/2025 09:04;0;0;0;0
1985;17/04/2025 09:05;0;0;0;0
1986;17/04/2025 09:06;0;0;0;0
1987;17/04/2025 09:07;0;0;0;0
1988;17/04/2025 09:08;0;0;0;0
1989;17/04/2025 09:09;0;0;0;0
1990;17/04/2025 09:10;0;0;0;0
1991;17/04/2025 09:11;0;0;0;0
1992;17/04/2025 09:12;0;0;0;0
1993;17/04/2025 09:13;0;0;0;0
1994;17/04/2025 09:14;0;0;0;0
1995;17/04/2025 09:15;0;0;0;0
1996;17/04/2025 09:16;0;0;0;0
1997;17/04/2025 09:17;0;0;0;0
1998;17/04/2025 09:18;0;0;0;0
1999;17/04/2025 09:19;0;0;0;0
2000;17/04/2025 09:20;0;0;0;0
2001;17/04/2025 09:21;0;0;0;0
2002;17/04/2025 09:22;0;0;0;0
2003;17/04/2025 09:23;0;0;0;0
2004;17/04/2025 09:24;0;0;0;0
2005;17/04/2025 09:25;0;0;0;0
2006;17/04/2025 09:26;0;0;0;0
2007;17/04/2025 09:27;0;0;0;0
2008;17/04/2025 09:28;0;0;0;0
2009;17/04/2025 09:29;0;0;0;0
2010;17/04/2025 09:30;0;0;0;0
2011;17/04/2025 09:31;0;0;0;0
2012;17/04/2025 09:32;0;0;0;0
2013;17/04/2025 09:33;0;0;0;0
2014;17/04/2025 09:34;0;0;0;0
2015;17/04/2025 09:35;0;0;0;0
2016;17/04/2025 09:36;0;0;0;0
2017;17/04/2025 09:37;0;0;0;0
2018;17/04/2025 09:38;0;0;0;0
2019;17/04/2025 09:39;0;0;0;0
2020;17/04/2025 09:40;0;0;0;0
2021;17/04/2025 09:41;0;0;0;0
2022;17/04/2025 09:42;0;0;0;0
2023;17/04/2025 09:43;0;0;0;0
2024;17/04/2025 09:44;0;0;0;0
2025;17/04/2025 09:45;0;0;0;0
2026;17/04/2025 09:46;0;0;0;0
2027;17/04/2025 09:47;0;0;0;0
2028;17/04/2025 09:48;0;0;0;0
2029;17/04/2025 09:49;0;0;0;0
2030;17/04/2025 09:50;0;0;0;0
2031;17/04/2025 09:51;0;0;0;0
2032;17/04/2025 09:52;0;0;0;0
2033;17/04/2025 09:53;0;0;0;0
2034;17/04/2025 09:54;0;0;0;0
2035;17/04/2025 09:55;0;0;0;0
2036;17/04/2025 09:56;0;0;0;0
2037;17/04/2025 09:57;0;0;0;0
2038;17/04/2025 09:58;0;0;0;0
2039;17/04/2025 09:59;0;0;0;0
2040;17/04/2025 10:00;0;0;0;0
2041;17/04/2025 10:01;0;0;0;0
2042;17/04/2025 10:02;0;0;0;0
2043;17/04/2025 10:03;0;0;0;0
2044;17/04/2025 10:04;0;0;0;0
2045;17/04/2025 10:05;0;0;0;0
2046;17/04/2025 10:06;0;0;0;0
2047;17/04/2025 10:07;0;0;0;0
2048;17/04/2025 10:08;0;0;0;0
2049;17/04/2025 10:09;0;0;0;0
2050;17/04/2025 10:10;0;0;0;0
2051;17/04/2025 10:11;0;0;0;0
2052;17/04/2025 10:12;0;0;0;0
2053;17/04/2025 10:13;0;0;0;0
2054;17/04/2025 10:14;0;0;0;0
2055;17/04/2025 10:15;0;0;0;0
2056;17/04/2025 10:16;0;0;0;0
2057;17/04/2025 10:17;0;0;0;0
2058;17/04/2025 10:18;0;0;0;0
2059;17/04/2025 10:19;0;0;0;0
2060;17/04/2025 10:20;0;0;0;0
2061;17/04/2025 10:21;0;0;0;0
2062;17/04/2025 10:22;0;0;0;0
2063;17/04/2025 10:23;0;0;0;0
2064;17/04/2025 10:24;0;0;0;0
2065;17/04/2025 10:25;0;0;0;0
2066;17/04/2025 10:26;0;0;0;0
2067;17/04/2025 10:27;0;0;0;0
2068;17/04/2025 10:28;0;0;0;0
2069;17/04/2025 10:29;0;0;0;0
2070;17/04/2025 10:30;0;0;0;0
2071;17/04/2025 10:31;0;0;0;0
2072;17/04/2025 10:32;0;0;0;0
2073;17/04/2025 10:33;0;0;0;0
2074;17/04/2025 10:34;0;0;0;0
2075;17/04/2025 10:35;0;0;0;0
2076;17/04/2025 10:36;0;0;0;0
2077;17/04/2025 10:37;0;0;0;0
2078;17/04/2025 10:38;0;0;0;0
2079;17/04/2025 10:39;0;0;0;0
2080;17/04/2025 10:40;0;0;0;0
2081;17/04/2025 10:41;0;0;0;0
2082;17/04/2025 10:42;0;0;0;0
2083;17/04/2025 10:43;0;0;0;0
2084;17/04/2025 10:44;0;0;0;0
2085;17/04/2025 10:45;0;0;0;0
2086;17/04/2025 10:46;0;0;0;0
2087;17/04/2025 10:47;0;0;0;0
2088;17/04/2025 10:48;0;0;0;0
2089;17/04/2025 10:49;0;0;0;0
2090;17/04/2025 10:50;0;0;0;0
2091;17/04/2025 10:51;0;0;0;0
2092;17/04/2025 10:52;0;0;0;0
2093;17/04/2025 10:53;0;0;0;0
2094;17/04/2025 10:54;0;0;0;0
2095;17/04/2025 10:55;0;0;0;0
2096;17/04/2025 10:56;0;0;0;0
2097;17/04/2025 10:57;0;0;0;0
2098;17/04/2025 10:58;0;0;0;0
2099;17/04/2025 10:59;0;0;0;0
2100;17/04/2025 11:00;0;0;0;0
2101;17/04/2025 11:01;0;0;0;0
2102;17/04/2025 11:02;0;0;0;0
2103;17/04/2025 11:03;0;0;0;0
2104;17/04/2025 11:04;0;0;0;0
2105;17/04/2025 11:05;0;0;0;0
2106;17/04/2025 11:06;0;0;0;0
2107;17/04/2025 11:07;0;0;0;0
2108;17/04/2025 11:08;0;0;0;0
2109;17/04/2025 11:09;0;0;0;0
2110;17/04/2025 11:10;0;0;0;0
2111;17/04/2025 11:11;0;0;0;0
2112;17/04/2025 11:12;0;0;0;0
2113;17/04/2025 11:13;0;0;0;0
2114;17/04/2025 11:14;0;0;0;0
2115;17/04/2025 11:15;0;0;0;0
2116;17/04/2025 11:16;0;0;0;0
2117;17/04/2025 11:17;0;0;0;0
2118;17/04/2025 11:18;0;0;0;0
2119;17/04/2025 11:19;0;0;0;0
2120;17/04/2025 11:20;0;0;0;0
2121;17/04/2025 11:21;0;0;0;0
2122;17/04/2025 11:22;0;0;0;0
2123;17/04/2025 11:23;0;0;0;0
2124;17/04/2025 11:24;0;0;0;0
2125;17/04/2025 11:25;0;0;0;0
2126;17/04/2025 11:26;0;0;0;0
2127;17/04/2025 11:27;0;0;0;0
2128;17/04/2025 11:28;0;0;0;0
2129;17/04/2025 11:29;0;0;0;0
2130;17/04/2025 11:30;0;0;0;0
2131;17/04/2025 11:31;0;0;0;0
2132;17/04/2025 11:32;0;0;0;0
2133;17/04/2025 11:33;0;0;0;0
2134;17/04/2025 11:34;0;0;0;0
2135;17/04/2025 11:35;0;0;0;0
2136;17/04/2025 11:36;0;0;0;0
2137;17/04/2025 11:37;0;0;0;0
2138;17/04/2025 11:38;0;0;0;0
2139;17/04/2025 11:39;0;0;0;0
2140;17/04/2025 11:40;0;0;0;0
2141;17/04/2025 11:41;0;0;0;0
2142;17/04/2025 11:42;0;0;0;0
2143;17/04/2025 11:43;0;0;0;0
2144;17/04/2025 11:44;0;0;0;0
2145;17/04/2025 11:45;0;0;0;0
2146;17/04/2025 11:46;0;0;0;0
2147;17/04/2025 11:47;0;0;0;0
2148;17/04/2025 11:48;0;0;0;0
2149;17/04/2025 11:49;0;0;0;0
2150;17/04/2025 11:50;0;0;0;0
2151;17/04/2025 11:51;0;0;0;0
2152;17/04/2025 11:52;0;0;0;0
2153;17/04/2025 11:53;0;0;0;0
2154;17/04/2025 11:54;0;0;0;0
2155;17/04/2025 11:55;0;0;0;0
2156;17/04/2025 11:56;0;0;0;0
2157;17/04/2025 11:57;0;0;0;0
2158;17/04/2025 11:58;0;0;0;0
2159;17/04/2025 11:59;0;0;0;0
2160;17/04/2025 12:00;0;0;0;0
2161;17/04/2025 12:01;0;0;0;0
2162;17/04/2025 12:02;0;0;0;0
2163;17/04/2025 12:03;0;0;0;0
2164;17/04/2025 12:04;0;0;0;0
2165;17/04/2025 12:05;0;0;0;0
2166;17/04/2025 12:06;0;0;0;0
2167;17/04/2025 12:07;0;0;0;0
2168;17/04/2025 12:08;0;0;0;0
2169;17/04/2025 12:09;0;0;0;0
2170;17/04/2025 12:10;0;0;0;0
2171;17/04/2025 12:11;0;0;0;0
2172;17/04/2025 12:12;0;0;0;0
2173;17/04/2025 12:13;0;0;0;0
2174;17/04/2025 12:14;0;0;0;0
2175;17/04/2025 12:15;0;0;0;0
2176;17/04/2025 12:16;0;0;0;0
2177;17/04/2025 12:17;0;0;0;0
2178;17/04/2025 12:18;0;0;0;0
2179;17/04/2025 12:19;0;0;0;0
2180;17/04/2025 12:20;0;0;0;0
2181;17/04/2025 12:21;0;0;0;0
2182;17/04/2025 12:22;0;0;0;0
2183;17/04/2025 12:23;0;0;0;0
2184;17/04/2025 12:24;0;0;0;0
2185;17/04/2025 12:25;0;0;0;0
2186;17/04/2025 12:26;0;0;0;0
2187;17/04/2025 12:27;0;0;0;0
2188;17/04/2025 12:28;0;0;0;0
2189;17/04/2025 12:29;0;0;0;0
2190;17/04/2025 12:30;0;0;0;0
2191;17/04/2025 12:31;0;0;0;0
2192;17/04/2025 12:32;0;0;0;0
2193;17/04/2025 12:33;0;0;0;0
2194;17/04/2025 12:34;0;0;0;0
2195;17/04/2025 12:35;0;0;0;0
2196;17/04/2025 12:36;0;0;0;0
2197;17/04/2025 12:37;0;0;0;0
2198;17/04/2025 12:38;0;0;0;0
2199;17/04/2025 12:39;0;0;0;0
2200;17/04/2025 12:40;0;0;0;0
2201;17/04/2025 12:41;0;0;0;0
2202;17/04/2025 12:42;0;0;0;0
2203;17/04/2025 12:43;0;0;0;0
2204;17/04/2025 12:44;0;0;0;0
2205;17/04/2025 12:45;0;0;0;0
2206;17/04/2025 12:46;0;0;0;0
2207;17/04/2025 12:47;0;0;0;0
2208;17/04/2025 12:48;0;0;0;0
2209;17/04/2025 12:49;0;0;0;0
2210;17/04/2025 12:50;0;0;0;0
2211;17/04/2025 12:51;0;0;0;0
2212;17/04/2025 12:52;0;0;0;0
2213;17/04/2025 12:53;0;0;0;0
2214;17/04/2025 12:54;0;0;0;0
2215;17/04/2025 12:55;0;0;0;0
2216;17/04/2025 12:56;0;0;0;0
2217;17/04/2025 12:57;0;0;0;0
2218;17/04/2025 12:58;0;0;0;0
2219;17/04/2025 12:59;0;0;0;0
2220;17/04/2025 13:00;0;0;0;0
2221;17/04/2025 13:01;0;0;0;0
2222;17/04/2025 13:02;0;0;0;0
2223;17/04/2025 13:03;0;0;0;0
2224;17/04/2025 13:04;0;0;0;0
2225;17/04/2025 13:05;0;0;0;0
2226;17/04/2025 13:06;0;0;0;0
2227;17/04/2025 13:07;0;0;0;0
2228;17/04/2025 13:08;0;0;0;0
2229;17/04/2025 13:09;0;0;0;0
2230;17/04/2025 13:10;0;0;0;0
2231;17/04/2025 13:11;0;0;0;0
2232;17/04/2025 13:12;0;0;0;0
2233;17/04/2025 13:13;0;0;0;0
2234;17/04/2025 13:14;0;0;0;0
2235;17/04/2025 13:15;0;0;0;0
2236;17/04/2025 13:16;0;0;0;0
2237;17/04/2025 13:17;0;0;0;0
2238;17/04/2025 13:18;0;0;0;0
2239;17/04/2025 13:19;0;0;0;0
2240;17/04/2025 13:20;0;0;0;0
2241;17/04/2025 13:21;0;0;0;0
2242;17/04/2025 13:22;0;0;0;0
2243;17/04/2025 13:23;0;0;0;0
2244;17/04/2025 13:24;0;0;0;0
2245;17/04/2025 13:25;0;0;0;0
2246;17/04/2025 13:26;0;0;0;0
2247;17/04/2025 13:27;0;0;0;0
2248;17/04/2025 13:28;0;0;0;0
2249;17/04/2025 13:29;0;0;0;0
2250;17/04/2025 13:30;0;0;0;0
2251;17/04/2025 13:31;0;0;0;0
2252;17/04/2025 13:32;0;0;0;0
2253;17/04/2025 13:33;0;0;0;0
2254;17/04/2025 13:34;0;0;0;0
2255;17/04/2025 13:35;0;0;0;0
2256;17/04/2025 13:36;0;0;0;0
2257;17/04/2025 13:37;0;0;0;0
2258;17/04/2025 13:38;0;0;0;0
2259;17/04/2025 13:39;0;0;0;0
2260;17/04/2025 13:40;0;0;0;0
2261;17/04/2025 13:41;0;0;0;0
2262;17/04/2025 13:42;0;0;0;0
2263;17/04/2025 13:43;0;0;0;0
2264;17/04/2025 13:44;0;0;0;0
2265;17/04/2025 13:45;0;0;0;0
2266;17/04/2025 13:46;0;0;0;0
2267;17/04/2025 13:47;0;0;0;0
2268;17/04/2025 13:48;0;0;0;0
2269;17/04/2025 13:49;0;0;0;0
2270;17/04/2025 13:50;0;0;0;0
2271;17/04/2025 13:51;0;0;0;0
2272;17/04/2025 13:52;0;0;0;0
2273;17/04/2025 13:53;0;0;0;0
2274;17/04/2025 13:54;0;0;0;0
2275;17/04/2025 13:55;0;0;0;0
2276;17/04/2025 13:56;0;0;0;0
2277;17/04/2025 13:57;0;0;0;0
2278;17/04/2025 13:58;0;0;0;0
2279;17/04/2025 13:59;0;0;0;0
2280;17/04/2025 14:00;0;0;0;0
2281;17/04/2025 14:01;0;0;0;0
2282;17/04/2025 14:02;0;0;0;0
2283;17/04/2025 14:03;0;0;0;0
2284;17/04/2025 14:04;0;0;0;0
2285;17/04/2025 14:05;0;0;0;0
2286;17/04/2025 14:06;0;0;0;0
2287;17/04/2025 14:07;0;0;0;0
2288;17/04/2025 14:08;0;0;0;0
2289;17/04/2025 14:09;0;0;0;0
2290;17/04/2025 14:10;0;0;0;0
2291;17/04/2025 14:11;0;0;0;0
2292;17/04/2025 14:12;0;0;0;0
2293;17/04/2025 14:13;0;0;0;0
2294;17/04/2025 14:14;0;0;0;0
2295;17/04/2025 14:15;0;0;0;0
2296;17/04/2025 14:16;0;0;0;0
2297;17/04/2025 14:17;0;0;0;0
2298;17/04/2025 14:18;0;0;0;0
2299;17/04/2025 14:19;0;0;0;0
2300;17/04/2025 14:20;0;0;0;0
2301;17/04/2025 14:21;0;0;0;0
2302;17/04/2025 14:22;0;0;0;0
2303;17/04/2025 14:23;0;0;0;0
2304;17/04/2025 14:24;0;0;0;0
2305;17/04/2025 14:25;0;0;0;0
2306;17/04/2025 14:26;0;0;0;0
2307;17/04/2025 14:27;0;0;0;0
2308;17/04/2025 14:28;0;0;0;0
2309;17/04/2025 14:29;0;0;0;0
2310;17/04/2025 14:30;0;0;0;0
2311;17/04/2025 14:31;0;0;0;0
2312;17/04/2025 14:32;0;0;0;0
2313;17/04/2025 14:33;0;0;0;0
2314;17/04/2025 14:34;0;0;0;0
2315;17/04/2025 14:35;0;0;0;0
2316;17/04/2025 14:36;0;0;0;0
2317;17/04/2025 14:37;0;0;0;0
2318;17/04/2025 14:38;0;0;0;0
2319;17/04/2025 14:39;0;0;0;0
2320;17/04/2025 14:40;0;0;0;0
2321;17/04/2025 14:41;0;0;0;0
2322;17/04/2025 14:42;0;0;0;0
2323;17/04/2025 14:43;0;0;0;0
2324;17/04/2025 14:44;0;0;0;0
2325;17/04/2025 14:45;0;0;0;0
2326;17/04/2025 14:46;0;0;0;0
2327;17/04/2025 14:47;0;0;0;0
2328;17/04/2025 14:48;0;0;0;0
2329;17/04/2025 14:49;0;0;0;0
2330;17/04/2025 14:50;0;0;0;0
2331;17/04/2025 14:51;0;0;0;0
2332;17/04/2025 14:52;0;0;0;0
2333;17/04/2025 14:53;0;0;0;0
2334;17/04/2025 14:54;0;0;0;0
2335;17/04/2025 14:55;0;0;0;0
2336;17/04/2025 14:56;0;0;0;0
2337;17/04/2025 14:57;0;0;0;0
2338;17/04/2025 14:58;0;0;0;0
2339;17/04/2025 14:59;0;0;0;0
2340;17/04/2025 15:00;0;0;0;0
2341;17/04/2025 15:01;0;0;0;0
2342;17/04/2025 15:02;0;0;0;0
2343;17/04/2025 15:03;0;0;0;0
2344;17/04/2025 15:04;0;0;0;0
2345;17/04/2025 15:05;0;0;0;0
2346;17/04/2025 15:06;0;0;0;0
2347;17/04/2025 15:07;0;0;0;0
2348;17/04/2025 15:08;0;0;0;0
2349;17/04/2025 15:09;0;0;0;0
2350;17/04/2025 15:10;0;0;0;0
2351;17/04/2025 15:11;0;0;0;0
2352;17/04/2025 15:12;0;0;0;0
2353;17/04/2025 15:13;0;0;0;0
2354;17/04/2025 15:14;0;0;0;0
2355;17/04/2025 15:15;0;0;0;0
2356;17/04/2025 15:16;0;0;0;0
2357;17/04/2025 15:17;0;0;0;0
2358;17/04/2025 15:18;0;0;0;0
2359;17/04/2025 15:19;0;0;0;0
2360;17/04/2025 15:20;0;0;0;0
2361;17/04/2025 15:21;0;0;0;0
2362;17/04/2025 15:22;0;0;0;0
2363;17/04/2025 15:23;0;0;0;0
2364;17/04/2025 15:24;0;0;0;0
2365;17/04/2025 15:25;0;0;0;0
2366;17/04/2025 15:26;0;0;0;0
2367;17/04/2025 15:27;0;0;0;0
2368;17/04/2025 15:28;0;0;0;0
2369;17/04/2025 15:29;0;0;0;0
2370;17/04/2025 15:30;0;0;0;0
2371;17/04/2025 15:31;0;0;0;0
2372;17/04/2025 15:32;0;0;0;0
2373;17/04/2025 15:33;0;0;0;0
2374;17/04/2025 15:34;0;0;0;0
2375;17/04/2025 15:35;0;0;0;0
2376;17/04/2025 15:36;0;0;0;0
2377;17/04/2025 15:37;0;0;0;0
2378;17/04/2025 15:38;0;0;0;0
2379;17/04/2025 15:39;0;0;0;0
2380;17/04/2025 15:40;0;0;0;0
2381;17/04/2025 15:41;0;0;0;0
2382;17/04/2025 15:42;0;0;0;0
2383;17/04/2025 15:43;0;0;0;0
2384;17/04/2025 15:44;0;0;0;0
2385;17/04/2025 15:45;0;0;0;0
2386;17/04/2025 15:46;0;0;0;0
2387;17/04/2025 15:47;0;0;0;0
2388;17/04/2025 15:48;0;0;0;0
2389;17/04/2025 15:49;0;0;0;0
2390;17/04/2025 15:50;0;0;0;0
2391;17/04/2025 15:51;0;0;0;0
2392;17/04/2025 15:52;0;0;0;0
2393;17/04/2025 15:53;0;0;0;0
2394;17/04/2025 15:54;0;0;0;0
2395;17/04/2025 15:55;0;0;0;0
2396;17/04/2025 15:56;0;0;0;0
2397;17/04/2025 15:57;0;0;0;0
2398;17/04/2025 15:58;0;0;0;0
2399;17/04/2025 15:59;0;0;0;0
2400;17/04/2025 16:00;0;0;0;0
2401;17/04/2025 16:01;0;0;0;0
2402;17/04/2025 16:02;0;0;0;0
2403;17/04/2025 16:03;0;0;0;0
2404;17/04/2025 16:04;0;0;0;0
2405;17/04/2025 16:05;0;0;0;0
2406;17/04/2025 16:06;0;0;0;0
2407;17/04/2025 16:07;0;0;0;0
2408;17/04/2025 16:08;0;0;0;0
2409;17/04/2025 16:09;0;0;0;0
2410;17/04/2025 16:10;0;0;0;0
2411;17/04/2025 16:11;0;0;0;0
2412;17/04/2025 16:12;0;0;0;0
2413;17/04/2025 16:13;0;0;0;0
2414;17/04/2025 16:14;0;0;0;0
2415;17/04/2025 16:15;0;0;0;0
2416;17/04/2025 16:16;0;0;0;0
2417;17/04/2025 16:17;0;0;0;0
2418;17/04/2025 16:18;0;0;0;0
2419;17/04/2025 16:19;0;0;0;0
2420;17/04/2025 16:20;0;0;0;0
2421;17/04/2025 16:21;0;0;0;0
2422;17/04/2025 16:22;0;0;0;0
2423;17/04/2025 16:23;0;0;0;0
2424;17/04/2025 16:24;0;0;0;0
2425;17/04/2025 16:25;0;0;0;0
2426;17/04/2025 16:26;0;0;0;0
2427;17/04/2025 16:27;0;0;0;0
2428;17/04/2025 16:28;0;0;0;0
2429;17/04/2025 16:29;0;0;0;0
2430;17/04/2025 16:30;0;0;0;0
2431;17/04/2025 16:31;0;0;0;0
2432;17/04/2025 16:32;0;0;0;0
2433;17/04/2025 16:33;0;0;0;0
2434;17/04/2025 16:34;0;0;0;0
2435;17/04/2025 16:35;0;0;0;0
2436;17/04/2025 16:36;0;0;0;0
2437;17/04/2025 16:37;0;0;0;0
2438;17/04/2025 16:38;0;0;0;0
2439;17/04/2025 16:39;0;0;0;0
2440;17/04/2025 16:40;0;0;0;0
2441;17/04/2025 16:41;0;0;0;0
2442;17/04/2025 16:42;0;0;0;0
2443;17/04/2025 16:43;0;0;0;0
2444;17/04/2025 16:44;0;0;0;0
2445;17/04/2025 16:45;0;0;0;0
2446;17/04/2025 16:46;0;0;0;0
2447;17/04/2025 16:47;0;0;0;0
2448;17/04/2025 16:48;0;0;0;0
2449;17/04/2025 16:49;0;0;0;0
2450;17/04/2025 16:50;0;0;0;0
2451;17/04/2025 16:51;0;0;0;0
2452;17/04/2025 16:52;0;0;0;0
2453;17/04/2025 16:53;0;0;0;0
2454;17/04/2025 16:54;0;0;0;0
2455;17/04/2025 16:55;0;0;0;0
2456;17/04/2025 16:56;0;0;0;0
2457;17/04/2025 16:57;0;0;0;0
2458;17/04/2025 16:58;0;0;0;0
2459;17/04/2025 16:59;0;0;0;0
2460;17/04/2025 17:00;0;0;0;0
2461;17/04/2025 17:01;0;0;0;0
2462;17/04/2025 17:02;0;0;0;0
2463;17/04/2025 17:03;0;0;0;0
2464;17/04/2025 17:04;0;0;0;0
2465;17/04/2025 17:05;0;0;0;0
2466;17/04/2025 17:06;0;0;0;0
2467;17/04/2025 17:07;0;0;0;0
2468;17/04/2025 17:08;0;0;0;0
2469;17/04/2025 17:09;0;0;0;0
2470;17/04/2025 17:10;0;0;0;0
2471;17/04/2025 17:11;0;0;0;0
2472;17/04/2025 17:12;0;0;0;0
2473;17/04/2025 17:13;0;0;0;0
2474;17/04/2025 17:14;0;0;0;0
2475;17/04/2025 17:15;0;0;0;0
2476;17/04/2025 17:16;0;0;0;0
2477;17/04/2025 17:17;0;0;0;0
2478;17/04/2025 17:18;0;0;0;0
2479;17/04/2025 17:19;0;0;0;0
2480;17/04/2025 17:20;0;0;0;0
2481;17/04/2025 17:21;0;0;0;0
2482;17/04/2025 17:22;0;0;0;0
2483;17/04/2025 17:23;0;0;0;0
2484;17/04/2025 17:24;0;0;0;0
2485;17/04/2025 17:25;0;0;0;0
2486;17/04/2025 17:26;0;0;0;0
2487;17/04/2025 17:27;0;0;0;0
2488;17/04/2025 17:28;0;0;0;0
2489;17/04/2025 17:29;0;0;0;0
2490;17/04/2025 17:30;0;0;0;0
2491;17/04/2025 17:31;0;0;0;0
2492;17/04/2025 17:32;0;0;0;0
2493;17/04/2025 17:33;0;0;0;0
2494;17/04/2025 17:34;0;0;0;0
2495;17/04/2025 17:35;0;0;0;0
2496;17/04/2025 17:36;0;0;0;0
2497;17/04/2025 17:37;0;0;0;0
2498;17/04/2025 17:38;0;0;0;0
2499;17/04/2025 17:39;0;0;0;0
2500;17/04/2025 17:40;0;0;0;0
2501;17/04/2025 17:41;0;0;0;0
2502;17/04/2025 17:42;0;0;0;0
2503;17/04/2025 17:43;0;0;0;0
2504;17/04/2025 17:44;0;0;0;0
2505;17/04/2025 17:45;0;0;0;0
2506;17/04/2025 17:46;0;0;0;0
2507;17/04/2025 17:47;0;0;0;0
2508;17/04/2025 17:48;0;0;0;0
2509;17/04/2025 17:49;0;0;0;0
2510;17/04/2025 17:50;0;0;0;0
2511;17/04/2025 17:51;0;0;0;0
2512;17/04/2025 17:52;0;0;0;0
2513;17/04/2025 17:53;0;0;0;0
2514;17/04/2025 17:54;0;0;0;0
2515;17/04/2025 17:55;0;0;0;0
2516;17/04/2025 17:56;0;0;0;0
2517;17/04/2025 17:57;0;0;0;0
2518;17/04/2025 17:58;0;0;0;0
2519;17/04/2025 17:59;0;0;0;0
2520;17/04/2025 18:00;0;0;0;0
2521;17/04/2025 18:01;0;0;0;0
2522;17/04/2025 18:02;0;0;0;0
2523;17/04/2025 18:03;0;0;0;0
2524;17/04/2025 18:04;0;0;0;0
2525;17/04/2025 18:05;0;0;0;0
2526;17/04/2025 18:06;0;0;0;0
2527;17/04/2025 18:07;0;0;0;0
2528;17/04/2025 18:08;0;0;0;0
2529;17/04/2025 18:09;0;0;0;0
2530;17/04/2025 18:10;0;0;0;0
2531;17/04/2025 18:11;0;0;0;0
2532;17/04/2025 18:12;0;0;0;0
2533;17/04/2025 18:13;0;0;0;0
2534;17/04/2025 18:14;0;0;0;0
2535;17/04/2025 18:15;0;0;0;0
2536;17/04/2025 18:16;0;0;0;0
2537;17/04/2025 18:17;0;0;0;0
2538;17/04/2025 18:18;0;0;0;0
2539;17/04/2025 18:19;0;0;0;0
2540;17/04/2025 18:20;0;0;0;0
2541;17/04/2025 18:21;0;0;0;0
2542;17/04/2025 18:22;0;0;0;0
2543;17/04/2025 18:23;0;0;0;0
2544;17/04/2025 18:24;0;0;0;0
2545;17/04/2025 18:25;0;0;0;0
2546;17/04/2025 18:26;0;0;0;0
2547;17/04/2025 18:27;0;0;0;0
2548;17/04/2025 18:28;0;0;0;0
2549;17/04/2025 18:29;0;0;0;0
2550;17/04/2025 18:30;0;0;0;0
2551;17/04/2025 18:31;0;0;0;0
2552;17/04/2025 18:32;0;0;0;0
2553;17/04/2025 18:33;0;0;0;0
2554;17/04/2025 18:34;0;0;0;0
2555;17/04/2025 18:35;0;0;0;0
2556;17/04/2025 18:36;0;0;0;0
2557;17/04/2025 18:37;0;0;0;0
2558;17/04/2025 18:38;0;0;0;0
2559;17/04/2025 18:39;0;0;0;0
2560;17/04/2025 18:40;0;0;0;0
2561;17/04/2025 18:41;0;0;0;0
2562;17/04/2025 18:42;0;0;0;0
2563;17/04/2025 18:43;0;0;0;0
2564;17/04/2025 18:44;0;0;0;0
2565;17/04/2025 18:45;0;0;0;0
2566;17/04/2025 18:46;0;0;0;0
2567;17/04/2025 18:47;0;0;0;0
2568;17/04/2025 18:48;0;0;0;0
2569;17/04/2025 18:49;0;0;0;0
2570;17/04/2025 18:50;0;0;0;0
2571;17/04/2025 18:51;0;0;0;0
2572;17/04/2025 18:52;0;0;0;0
2573;17/04/2025 18:53;0;0;0;0
2574;17/04/2025 18:54;0;0;0;0
2575;17/04/2025 18:55;0;0;0;0
2576;17/04/2025 18:56;0;0;0;0
2577;17/04/2025 18:57;0;0;0;0
2578;17/04/2025 18:58;0;0;0;0
2579;17/04/2025 18:59;0;0;0;0
2580;17/04/2025 19:00;0;0;0;0
2581;17/04/2025 19:01;0;0;0;0
2582;17/04/2025 19:02;0;0;0;0
2583;17/04/2025 19:03;0;0;0;0
2584;17/04/2025 19:04;0;0;0;0
2585;17/04/2025 19:05;0;0;0;0
2586;17/04/2025 19:06;0;0;0;0
2587;17/04/2025 19:07;0;0;0;0
2588;17/04/2025 19:08;0;0;0;0
2589;17/04/2025 19:09;0;0;0;0
2590;17/04/2025 19:10;0;0;0;0
2591;17/04/2025 19:11;0;0;0;0
2592;17/04/2025 19:12;0;0;0;0
2593;17/04/2025 19:13;0;0;0;0
2594;17/04/2025 19:14;0;0;0;0
2595;17/04/2025 19:15;0;0;0;0
2596;17/04/2025 19:16;0;0;0;0
2597;17/04/2025 19:17;0;0;0;0
2598;17/04/2025 19:18;0;0;0;0
2599;17/04/2025 19:19;0;0;0;0
2600;17/04/2025 19:20;0;0;0;0
2601;17/04/2025 19:21;0;0;0;0
2602;17/04/2025 19:22;0;0;0;0
2603;17/04/2025 19:23;0;0;0;0
2604;17/04/2025 19:24;0;0;0;0
2605;17/04/2025 19:25;0;0;0;0
2606;17/04/2025 19:26;0;0;0;0
2607;17/04/2025 19:27;0;0;0;0
2608;17/04/2025 19:28;0;0;0;0
2609;17/04/2025 19:29;0;0;0;0
2610;17/04/2025 19:30;0;0;0;0
2611;17/04/2025 19:31;0;0;0;0
2612;17/04/2025 19:32;0;0;0;0
2613;17/04/2025 19:33;0;0;0;0
2614;17/04/2025 19:34;0;0;0;0
2615;17/04/2025 19:35;0;0;0;0
2616;17/04/2025 19:36;0;0;0;0
2617;17/04/2025 19:37;0;0;0;0
2618;17/04/2025 19:38;0;0;0;0
2619;17/04/2025 19:39;0;0;0;0
2620;17/04/2025 19:40;0;0;0;0
2621;17/04/2025 19:41;0;0;0;0
2622;17/04/2025 19:42;0;0;0;0
2623;17/04/2025 19:43;0;0;0;0
2624;17/04/2025 19:44;0;0;0;0
2625;17/04/2025 19:45;0;0;0;0
2626;17/04/2025 19:46;0;0;0;0
2627;17/04/2025 19:47;0;0;0;0
2628;17/04/2025 19:48;0;0;0;0
2629;17/04/2025 19:49;0;0;0;0
2630;17/04/2025 19:50;0;0;0;0
2631;17/04/2025 19:51;0;0;0;0
2632;17/04/2025 19:52;0;0;0;0
2633;17/04/2025 19:53;0;0;0;0
2634;17/04/2025 19:54;0;0;0;0
2635;17/04/2025 19:55;0;0;0;0
2636;17/04/2025 19:56;0;0;0;0
2637;17/04/2025 19:57;0;0;0;0
2638;17/04/2025 19:58;0;0;0;0
2639;17/04/2025 19:59;0;0;0;0
2640;17/04/2025 20:00;0;0;0;0
2641;17/04/2025 20:01;0;0;0;0
2642;17/04/2025 20:02;0;0;0;0
2643;17/04/2025 20:03;0;0;0;0
2644;17/04/2025 20:04;0;0;0;0
2645;17/04/2025 20:05;0;0;0;0
2646;17/04/2025 20:06;0;0;0;0
2647;17/04/2025 20:07;0;0;0;0
2648;17/04/2025 20:08;0;0;0;0
2649;17/04/2025 20:09;0;0;0;0
2650;17/04/2025 20:10;0;0;0;0
2651;17/04/2025 20:11;0;0;0;0
2652;17/04/2025 20:12;0;0;0;0
2653;17/04/2025 20:13;0;0;0;0
2654;17/04/2025 20:14;0;0;0;0
2655;17/04/2025 20:15;0;0;0;0
2656;17/04/2025 20:16;0;0;0;0
2657;17/04/2025 20:17;0;0;0;0
2658;17/04/2025 20:18;0;0;0;0
2659;17/04/2025 20:19;0;0;0;0
2660;17/04/2025 20:20;0;0;0;0
2661;17/04/2025 20:21;0;0;0;0
2662;17/04/2025 20:22;0;0;0;0
2663;17/04/2025 20:23;0;0;0;0
2664;17/04/2025 20:24;0;0;0;0
2665;17/04/2025 20:25;0;0;0;0
2666;17/04/2025 20:26;0;0;0;0
2667;17/04/2025 20:27;0;0;0;0
2668;17/04/2025 20:28;0;0;0;0
2669;17/04/2025 20:29;0;0;0;0
2670;17/04/2025 20:30;0;0;0;0
2671;17/04/2025 20:31;0;0;0;0
2672;17/04/2025 20:32;0;0;0;0
2673;17/04/2025 20:33;0;0;0;0
2674;17/04/2025 20:34;0;0;0;0
2675;17/04/2025 20:35;0;0;0;0
2676;17/04/2025 20:36;0;0;0;0
2677;17/04/2025 20:37;0;0;0;0
2678;17/04/2025 20:38;0;0;0;0
2679;17/04/2025 20:39;0;0;0;0
2680;17/04/2025 20:40;0;0;0;0
2681;17/04/2025 20:41;0;0;0;0
2682;17/04/2025 20:42;0;0;0;0
2683;17/04/2025 20:43;0;0;0;0
2684;17/04/2025 20:44;0;0;0;0
2685;17/04/2025 20:45;0;0;0;0
2686;17/04/2025 20:46;0;0;0;0
2687;17/04/2025 20:47;0;0;0;0
2688;17/04/2025 20:48;0;0;0;0
2689;17/04/2025 20:49;0;0;0;0
2690;17/04/2025 20:50;0;0;0;0
2691;17/04/2025 20:51;0;0;0;0
2692;17/04/2025 20:52;0;0;0;0
2693;17/04/2025 20:53;0;0;0;0
2694;17/04/2025 20:54;0;0;0;0
2695;17/04/2025 20:55;0;0;0;0
2696;17/04/2025 20:56;0;0;0;0
2697;17/04/2025 20:57;0;0;0;0
2698;17/04/2025 20:58;0;0;0;0
2699;17/04/2025 20:59;0;0;0;0
2700;17/04/2025 21:00;0;0;0;0
2701;17/04/2025 21:01;0;0;0;0
2702;17/04/2025 21:02;0;0;0;0
2703;17/04/2025 21:03;0;0;0;0
2704;17/04/2025 21:04;0;0;0;0
2705;17/04/2025 21:05;0;0;0;0
2706;17/04/2025 21:06;0;0;0;0
2707;17/04/2025 21:07;0;0;0;0
2708;17/04/2025 21:08;0;0;0;0
2709;17/04/2025 21:09;0;0;0;0
2710;17/04/2025 21:10;0;0;0;0
2711;17/04/2025 21:11;0;0;0;0
2712;17/04/2025 21:12;0;0;0;0
2713;17/04/2025 21:13;0;0;0;0
2714;17/04/2025 21:14;0;0;0;0
2715;17/04/2025 21:15;0;0;0;0
2716;17/04/2025 21:16;0;0;0;0
2717;17/04/2025 21:17;0;0;0;0
2718;17/04/2025 21:18;0;0;0;0
2719;17/04/2025 21:19;0;0;0;0
2720;17/04/2025 21:20;0;0;0;0
2721;17/04/2025 21:21;0;0;0;0
2722;17/04/2025 21:22;0;0;0;0
2723;17/04/2025 21:23;0;0;0;0
2724;17/04/2025 21:24;0;0;0;0
2725;17/04/2025 21:25;0;0;0;0
2726;17/04/2025 21:26;0;0;0;0
2727;17/04/2025 21:27;0;0;0;0
2728;17/04/2025 21:28;0;0;0;0
2729;17/04/2025 21:29;0;0;0;0
2730;17/04/2025 21:30;0;0;0;0
2731;17/04/2025 21:31;0;0;0;0
2732;17/04/2025 21:32;0;0;0;0
2733;17/04/2025 21:33;0;0;0;0
2734;17/04/2025 21:34;0;0;0;0
2735;17/04/2025 21:35;0;0;0;0
2736;17/04/2025 21:36;0;0;0;0
2737;17/04/2025 21:37;0;0;0;0
2738;17/04/2025 21:38;0;0;0;0
2739;17/04/2025 21:39;0;0;0;0
2740;17/04/2025 21:40;0;0;0;0
2741;17/04/2025 21:41;0;0;0;0
2742;17/04/2025 21:42;0;0;0;0
2743;17/04/2025 21:43;0;0;0;0
2744;17/04/2025 21:44;0;0;0;0
2745;17/04/2025 21:45;0;0;0;0
2746;17/04/2025 21:46;0;0;0;0
2747;17/04/2025 21:47;0;0;0;0
2748;17/04/2025 21:48;0;0;0;0
2749;17/04/2025 21:49;0;0;0;0
2750;17/04/2025 21:50;0;0;0;0
2751;17/04/2025 21:51;0;0;0;0
2752;17/04/2025 21:52;0;0;0;0
2753;17/04/2025 21:53;0;0;0;0
2754;17/04/2025 21:54;0;0;0;0
2755;17/04/2025 21:55;0;0;0;0
2756;17/04/2025 21:56;0;0;0;0
2757;17/04/2025 21:57;0;0;0;0
2758;17/04/2025 21:58;0;0;0;0
2759;17/04/2025 21:59;0;0;0;0
2760;17/04/2025 22:00;0;0;0;0
2761;17/04/2025 22:01;0;0;0;0
2762;17/04/2025 22:02;0;0;0;0
2763;17/04/2025 22:03;0;0;0;0
2764;17/04/2025 22:04;0;0;0;0
2765;17/04/2025 22:05;0;0;0;0
2766;17/04/2025 22:06;0;0;0;0
2767;17/04/2025 22:07;0;0;0;0
2768;17/04/2025 22:08;0;0;0;0
2769;17/04/2025 22:09;0;0;0;0
2770;17/04/2025 22:10;0;0;0;0
2771;17/04/2025 22:11;0;0;0;0
2772;17/04/2025 22:12;0;0;0;0
2773;17/04/2025 22:13;0;0;0;0
2774;17/04/2025 22:14;0;0;0;0
2775;17/04/2025 22:15;0;0;0;0
2776;17/04/2025 22:16;0;0;0;0
2777;17/04/2025 22:17;0;0;0;0
2778;17/04/2025 22:18;0;0;0;0
2779;17/04/2025 22:19;0;0;0;0
2780;17/04/2025 22:20;0;0;0;0
2781;17/04/2025 22:21;0;0;0;0
2782;17/04/2025 22:22;0;0;0;0
2783;17/04/2025 22:23;0;0;0;0
2784;17/04/2025 22:24;0;0;0;0
2785;17/04/2025 22:25;0;0;0;0
2786;17/04/2025 22:26;0;0;0;0
2787;17/04/2025 22:27;0;0;0;0
2788;17/04/2025 22:28;0;0;0;0
2789;17/04/2025 22:29;0;0;0;0
2790;17/04/2025 22:30;0;0;0;0
2791;17/04/2025 22:31;0;0;0;0
2792;17/04/2025 22:32;0;0;0;0
2793;17/04/2025 22:33;0;0;0;0
2794;17/04/2025 22:34;0;0;0;0
2795;17/04/2025 22:35;0;0;0;0
2796;17/04/2025 22:36;0;0;0;0
2797;17/04/2025 22:37;0;0;0;0
2798;17/04/2025 22:38;0;0;0;0
2799;17/04/2025 22:39;0;0;0;0
2800;17/04/2025 22:40;0;0;0;0
2801;17/04/2025 22:41;0;0;0;0
2802;17/04/2025 22:42;0;0;0;0
2803;17/04/2025 22:43;0;0;0;0
2804;17/04/2025 22:44;0;0;0;0
2805;17/04/2025 22:45;0;0;0;0
2806;17/04/2025 22:46;0;0;0;0
2807;17/04/2025 22:47;0;0;0;0
2808;17/04/2025 22:48;0;0;0;0
2809;17/04/2025 22:49;0;0;0;0
2810;17/04/2025 22:50;0;0;0;0
2811;17/04/2025 22:51;0;0;0;0
2812;17/04/2025 22:52;0;0;0;0
2813;17/04/2025 22:53;0;0;0;0
2814;17/04/2025 22:54;0;0;0;0
2815;17/04/2025 22:55;0;0;0;0
2816;17/04/2025 22:56;0;0;0;0
2817;17/04/2025 22:57;0;0;0;0
2818;17/04/2025 22:58;0;0;0;0
2819;17/04/2025 22:59;0;0;0;0
2820;17/04/2025 23:00;0;0;0;0
2821;17/04/2025 23:01;0;0;0;0
2822;17/04/2025 23:02;0;0;0;0
2823;17/04/2025 23:03;0;0;0;0
2824;17/04/2025 23:04;0;0;0;0
2825;17/04/2025 23:05;0;0;0;0
2826;17/04/2025 23:06;0;0;0;0
2827;17/04/2025 23:07;0;0;0;0
2828;17/04/2025 23:08;0;0;0;0
2829;17/04/2025 23:09;0;0;0;0
2830;17/04/2025 23:10;0;0;0;0
2831;17/04/2025 23:11;0;0;0;0
2832;17/04/2025 23:12;0;0;0;0
2833;17/04/2025 23:13;0;0;0;0
2834;17/04/2025 23:14;0;0;0;0
2835;17/04/2025 23:15;0;0;0;0
2836;17/04/2025 23:16;0;0;0;0
2837;17/04/2025 23:17;0;0;0;0
2838;17/04/2025 23:18;0;0;0;0
2839;17/04/2025 23:19;0;0;0;0
2840;17/04/2025 23:20;0;0;0;0
2841;17/04/2025 23:21;0;0;0;0
2842;17/04/2025 23:22;0;0;0;0
2843;17/04/2025 23:23;0;0;0;0
2844;17/04/2025 23:24;0;0;0;0
2845;17/04/2025 23:25;0;0;0;0
2846;17/04/2025 23:26;0;0;0;0
2847;17/04/2025 23:27;0;0;0;0
2848;17/04/2025 23:28;0;0;0;0
2849;17/04/2025 23:29;0;0;0;0
2850;17/04/2025 23:30;0;0;0;0
2851;17/04/2025 23:31;0;0;0;0
2852;17/04/2025 23:32;0;0;0;0
2853;17/04/2025 23:33;0;0;0;0
2854;17/04/2025 23:34;0;0;0;0
2855;17/04/2025 23:35;0;0;0;0
2856;17/04/2025 23:36;0;0;0;0
2857;17/04/2025 23:37;0;0;0;0
2858;17/04/2025 23:38;0;0;0;0
2859;17/04/2025 23:39;0;0;0;0
2860;17/04/2025 23:40;0;0;0;0
2861;17/04/2025 23:41;0;0;0;0
2862;17/04/2025 23:42;0;0;0;0
2863;17/04/2025 23:43;0;0;0;0
2864;17/04/2025 23:44;0;0;0;0
2865;17/04/2025 23:45;0;0;0;0
2866;17/04/2025 23:46;0;0;0;0
2867;17/04/2025 23:47;0;0;0;0
2868;17/04/2025 23:48;0;0;0;0
2869;17/04/2025 23:49;0;0;0;0
2870;17/04/2025 23:50;0;0;0;0
2871;17/04/2025 23:51;0;0;0;0
2872;17/04/2025 23:52;0;0;0;0
2873;17/04/2025 23:53;0;0;0;0
2874;17/04/2025 23:54;0;0;0;0
2875;17/04/2025 23:55;0;0;0;0
2876;17/04/2025 23:56;0;0;0;0
2877;17/04/2025 23:57;0;0;0;0
2878;17/04/2025 23:58;0;0;0;0
2879;17/04/2025 23:59;0;0;0;0
