None.Timestep;Time;Sum [None]
0;16/04/2025 00:00;60
1;16/04/2025 00:01;60
2;16/04/2025 00:02;60
3;16/04/2025 00:03;60
4;16/04/2025 00:04;60
5;16/04/2025 00:05;60
6;16/04/2025 00:06;60
7;16/04/2025 00:07;60
8;16/04/2025 00:08;60
9;16/04/2025 00:09;60
10;16/04/2025 00:10;60
11;16/04/2025 00:11;60
12;16/04/2025 00:12;60
13;16/04/2025 00:13;60
14;16/04/2025 00:14;60
15;16/04/2025 00:15;60
16;16/04/2025 00:16;60
17;16/04/2025 00:17;60
18;16/04/2025 00:18;60
19;16/04/2025 00:19;60
20;16/04/2025 00:20;60
21;16/04/2025 00:21;60
22;16/04/2025 00:22;60
23;16/04/2025 00:23;60
24;16/04/2025 00:24;60
25;16/04/2025 00:25;60
26;16/04/2025 00:26;60
27;16/04/2025 00:27;60
28;16/04/2025 00:28;60
29;16/04/2025 00:29;60
30;16/04/2025 00:30;60
31;16/04/2025 00:31;60
32;16/04/2025 00:32;60
33;16/04/2025 00:33;60
34;16/04/2025 00:34;60
35;16/04/2025 00:35;60
36;16/04/2025 00:36;60
37;16/04/2025 00:37;60
38;16/04/2025 00:38;60
39;16/04/2025 00:39;60
40;16/04/2025 00:40;60
41;16/04/2025 00:41;60
42;16/04/2025 00:42;60
43;16/04/2025 00:43;60
44;16/04/2025 00:44;60
45;16/04/2025 00:45;60
46;16/04/2025 00:46;60
47;16/04/2025 00:47;60
48;16/04/2025 00:48;60
49;16/04/2025 00:49;60
50;16/04/2025 00:50;60
51;16/04/2025 00:51;60
52;16/04/2025 00:52;60
53;16/04/2025 00:53;60
54;16/04/2025 00:54;60
55;16/04/2025 00:55;60
56;16/04/2025 00:56;60
57;16/04/2025 00:57;60
58;16/04/2025 00:58;60
59;16/04/2025 00:59;60
60;16/04/2025 01:00;60
61;16/04/2025 01:01;60
62;16/04/2025 01:02;60
63;16/04/2025 01:03;60
64;16/04/2025 01:04;60
65;16/04/2025 01:05;60
66;16/04/2025 01:06;60
67;16/04/2025 01:07;60
68;16/04/2025 01:08;60
69;16/04/2025 01:09;60
70;16/04/2025 01:10;60
71;16/04/2025 01:11;60
72;16/04/2025 01:12;60
73;16/04/2025 01:13;60
74;16/04/2025 01:14;60
75;16/04/2025 01:15;60
76;16/04/2025 01:16;60
77;16/04/2025 01:17;60
78;16/04/2025 01:18;60
79;16/04/2025 01:19;60
80;16/04/2025 01:20;60
81;16/04/2025 01:21;60
82;16/04/2025 01:22;60
83;16/04/2025 01:23;60
84;16/04/2025 01:24;60
85;16/04/2025 01:25;60
86;16/04/2025 01:26;60
87;16/04/2025 01:27;60
88;16/04/2025 01:28;60
89;16/04/2025 01:29;60
90;16/04/2025 01:30;60
91;16/04/2025 01:31;60
92;16/04/2025 01:32;60
93;16/04/2025 01:33;60
94;16/04/2025 01:34;60
95;16/04/2025 01:35;60
96;16/04/2025 01:36;60
97;16/04/2025 01:37;60
98;16/04/2025 01:38;60
99;16/04/2025 01:39;60
100;16/04/2025 01:40;60
101;16/04/2025 01:41;60
102;16/04/2025 01:42;60
103;16/04/2025 01:43;60
104;16/04/2025 01:44;60
105;16/04/2025 01:45;60
106;16/04/2025 01:46;60
107;16/04/2025 01:47;60
108;16/04/2025 01:48;60
109;16/04/2025 01:49;60
110;16/04/2025 01:50;60
111;16/04/2025 01:51;60
112;16/04/2025 01:52;60
113;16/04/2025 01:53;60
114;16/04/2025 01:54;60
115;16/04/2025 01:55;60
116;16/04/2025 01:56;60
117;16/04/2025 01:57;60
118;16/04/2025 01:58;60
119;16/04/2025 01:59;60
120;16/04/2025 02:00;60
121;16/04/2025 02:01;60
122;16/04/2025 02:02;60
123;16/04/2025 02:03;60
124;16/04/2025 02:04;60
125;16/04/2025 02:05;60
126;16/04/2025 02:06;60
127;16/04/2025 02:07;60
128;16/04/2025 02:08;60
129;16/04/2025 02:09;60
130;16/04/2025 02:10;60
131;16/04/2025 02:11;60
132;16/04/2025 02:12;60
133;16/04/2025 02:13;60
134;16/04/2025 02:14;60
135;16/04/2025 02:15;60
136;16/04/2025 02:16;60
137;16/04/2025 02:17;60
138;16/04/2025 02:18;60
139;16/04/2025 02:19;60
140;16/04/2025 02:20;60
141;16/04/2025 02:21;60
142;16/04/2025 02:22;60
143;16/04/2025 02:23;60
144;16/04/2025 02:24;60
145;16/04/2025 02:25;60
146;16/04/2025 02:26;60
147;16/04/2025 02:27;60
148;16/04/2025 02:28;60
149;16/04/2025 02:29;60
150;16/04/2025 02:30;60
151;16/04/2025 02:31;60
152;16/04/2025 02:32;60
153;16/04/2025 02:33;60
154;16/04/2025 02:34;60
155;16/04/2025 02:35;60
156;16/04/2025 02:36;60
157;16/04/2025 02:37;60
158;16/04/2025 02:38;60
159;16/04/2025 02:39;60
160;16/04/2025 02:40;60
161;16/04/2025 02:41;60
162;16/04/2025 02:42;60
163;16/04/2025 02:43;60
164;16/04/2025 02:44;60
165;16/04/2025 02:45;60
166;16/04/2025 02:46;60
167;16/04/2025 02:47;60
168;16/04/2025 02:48;60
169;16/04/2025 02:49;60
170;16/04/2025 02:50;60
171;16/04/2025 02:51;60
172;16/04/2025 02:52;60
173;16/04/2025 02:53;60
174;16/04/2025 02:54;60
175;16/04/2025 02:55;60
176;16/04/2025 02:56;60
177;16/04/2025 02:57;60
178;16/04/2025 02:58;60
179;16/04/2025 02:59;60
180;16/04/2025 03:00;60
181;16/04/2025 03:01;60
182;16/04/2025 03:02;60
183;16/04/2025 03:03;60
184;16/04/2025 03:04;60
185;16/04/2025 03:05;60
186;16/04/2025 03:06;60
187;16/04/2025 03:07;60
188;16/04/2025 03:08;60
189;16/04/2025 03:09;60
190;16/04/2025 03:10;60
191;16/04/2025 03:11;60
192;16/04/2025 03:12;60
193;16/04/2025 03:13;60
194;16/04/2025 03:14;60
195;16/04/2025 03:15;60
196;16/04/2025 03:16;60
197;16/04/2025 03:17;60
198;16/04/2025 03:18;60
199;16/04/2025 03:19;60
200;16/04/2025 03:20;60
201;16/04/2025 03:21;60
202;16/04/2025 03:22;60
203;16/04/2025 03:23;60
204;16/04/2025 03:24;60
205;16/04/2025 03:25;60
206;16/04/2025 03:26;60
207;16/04/2025 03:27;60
208;16/04/2025 03:28;60
209;16/04/2025 03:29;60
210;16/04/2025 03:30;60
211;16/04/2025 03:31;60
212;16/04/2025 03:32;60
213;16/04/2025 03:33;60
214;16/04/2025 03:34;60
215;16/04/2025 03:35;60
216;16/04/2025 03:36;60
217;16/04/2025 03:37;60
218;16/04/2025 03:38;60
219;16/04/2025 03:39;60
220;16/04/2025 03:40;60
221;16/04/2025 03:41;60
222;16/04/2025 03:42;60
223;16/04/2025 03:43;60
224;16/04/2025 03:44;60
225;16/04/2025 03:45;60
226;16/04/2025 03:46;60
227;16/04/2025 03:47;60
228;16/04/2025 03:48;60
229;16/04/2025 03:49;60
230;16/04/2025 03:50;60
231;16/04/2025 03:51;60
232;16/04/2025 03:52;60
233;16/04/2025 03:53;60
234;16/04/2025 03:54;60
235;16/04/2025 03:55;60
236;16/04/2025 03:56;60
237;16/04/2025 03:57;60
238;16/04/2025 03:58;60
239;16/04/2025 03:59;60
240;16/04/2025 04:00;60
241;16/04/2025 04:01;60
242;16/04/2025 04:02;60
243;16/04/2025 04:03;60
244;16/04/2025 04:04;60
245;16/04/2025 04:05;60
246;16/04/2025 04:06;60
247;16/04/2025 04:07;60
248;16/04/2025 04:08;60
249;16/04/2025 04:09;60
250;16/04/2025 04:10;60
251;16/04/2025 04:11;60
252;16/04/2025 04:12;60
253;16/04/2025 04:13;60
254;16/04/2025 04:14;60
255;16/04/2025 04:15;60
256;16/04/2025 04:16;60
257;16/04/2025 04:17;60
258;16/04/2025 04:18;60
259;16/04/2025 04:19;60
260;16/04/2025 04:20;60
261;16/04/2025 04:21;60
262;16/04/2025 04:22;60
263;16/04/2025 04:23;60
264;16/04/2025 04:24;60
265;16/04/2025 04:25;60
266;16/04/2025 04:26;60
267;16/04/2025 04:27;60
268;16/04/2025 04:28;60
269;16/04/2025 04:29;60
270;16/04/2025 04:30;60
271;16/04/2025 04:31;60
272;16/04/2025 04:32;60
273;16/04/2025 04:33;60
274;16/04/2025 04:34;60
275;16/04/2025 04:35;60
276;16/04/2025 04:36;60
277;16/04/2025 04:37;60
278;16/04/2025 04:38;60
279;16/04/2025 04:39;60
280;16/04/2025 04:40;60
281;16/04/2025 04:41;60
282;16/04/2025 04:42;60
283;16/04/2025 04:43;60
284;16/04/2025 04:44;60
285;16/04/2025 04:45;60
286;16/04/2025 04:46;60
287;16/04/2025 04:47;60
288;16/04/2025 04:48;60
289;16/04/2025 04:49;60
290;16/04/2025 04:50;60
291;16/04/2025 04:51;60
292;16/04/2025 04:52;60
293;16/04/2025 04:53;60
294;16/04/2025 04:54;60
295;16/04/2025 04:55;60
296;16/04/2025 04:56;60
297;16/04/2025 04:57;60
298;16/04/2025 04:58;60
299;16/04/2025 04:59;60
300;16/04/2025 05:00;60
301;16/04/2025 05:01;60
302;16/04/2025 05:02;60
303;16/04/2025 05:03;60
304;16/04/2025 05:04;60
305;16/04/2025 05:05;60
306;16/04/2025 05:06;60
307;16/04/2025 05:07;60
308;16/04/2025 05:08;60
309;16/04/2025 05:09;60
310;16/04/2025 05:10;60
311;16/04/2025 05:11;60
312;16/04/2025 05:12;60
313;16/04/2025 05:13;60
314;16/04/2025 05:14;60
315;16/04/2025 05:15;60
316;16/04/2025 05:16;60
317;16/04/2025 05:17;60
318;16/04/2025 05:18;60
319;16/04/2025 05:19;60
320;16/04/2025 05:20;60
321;16/04/2025 05:21;60
322;16/04/2025 05:22;60
323;16/04/2025 05:23;60
324;16/04/2025 05:24;60
325;16/04/2025 05:25;60
326;16/04/2025 05:26;60
327;16/04/2025 05:27;60
328;16/04/2025 05:28;60
329;16/04/2025 05:29;60
330;16/04/2025 05:30;60
331;16/04/2025 05:31;60
332;16/04/2025 05:32;60
333;16/04/2025 05:33;60
334;16/04/2025 05:34;60
335;16/04/2025 05:35;60
336;16/04/2025 05:36;60
337;16/04/2025 05:37;60
338;16/04/2025 05:38;60
339;16/04/2025 05:39;60
340;16/04/2025 05:40;60
341;16/04/2025 05:41;60
342;16/04/2025 05:42;60
343;16/04/2025 05:43;60
344;16/04/2025 05:44;60
345;16/04/2025 05:45;60
346;16/04/2025 05:46;60
347;16/04/2025 05:47;60
348;16/04/2025 05:48;60
349;16/04/2025 05:49;60
350;16/04/2025 05:50;60
351;16/04/2025 05:51;60
352;16/04/2025 05:52;60
353;16/04/2025 05:53;60
354;16/04/2025 05:54;60
355;16/04/2025 05:55;60
356;16/04/2025 05:56;60
357;16/04/2025 05:57;60
358;16/04/2025 05:58;60
359;16/04/2025 05:59;60
360;16/04/2025 06:00;60
361;16/04/2025 06:01;60
362;16/04/2025 06:02;60
363;16/04/2025 06:03;60
364;16/04/2025 06:04;60
365;16/04/2025 06:05;60
366;16/04/2025 06:06;60
367;16/04/2025 06:07;60
368;16/04/2025 06:08;60
369;16/04/2025 06:09;60
370;16/04/2025 06:10;60
371;16/04/2025 06:11;60
372;16/04/2025 06:12;60
373;16/04/2025 06:13;60
374;16/04/2025 06:14;60
375;16/04/2025 06:15;60
376;16/04/2025 06:16;60
377;16/04/2025 06:17;60
378;16/04/2025 06:18;60
379;16/04/2025 06:19;60
380;16/04/2025 06:20;60
381;16/04/2025 06:21;60
382;16/04/2025 06:22;60
383;16/04/2025 06:23;60
384;16/04/2025 06:24;60
385;16/04/2025 06:25;60
386;16/04/2025 06:26;60
387;16/04/2025 06:27;60
388;16/04/2025 06:28;60
389;16/04/2025 06:29;60
390;16/04/2025 06:30;60
391;16/04/2025 06:31;60
392;16/04/2025 06:32;60
393;16/04/2025 06:33;60
394;16/04/2025 06:34;60
395;16/04/2025 06:35;60
396;16/04/2025 06:36;60
397;16/04/2025 06:37;60
398;16/04/2025 06:38;60
399;16/04/2025 06:39;60
400;16/04/2025 06:40;60
401;16/04/2025 06:41;60
402;16/04/2025 06:42;60
403;16/04/2025 06:43;60
404;16/04/2025 06:44;60
405;16/04/2025 06:45;60
406;16/04/2025 06:46;60
407;16/04/2025 06:47;60
408;16/04/2025 06:48;60
409;16/04/2025 06:49;60
410;16/04/2025 06:50;60
411;16/04/2025 06:51;60
412;16/04/2025 06:52;60
413;16/04/2025 06:53;60
414;16/04/2025 06:54;60
415;16/04/2025 06:55;60
416;16/04/2025 06:56;60
417;16/04/2025 06:57;60
418;16/04/2025 06:58;60
419;16/04/2025 06:59;60
420;16/04/2025 07:00;60
421;16/04/2025 07:01;60
422;16/04/2025 07:02;60
423;16/04/2025 07:03;60
424;16/04/2025 07:04;60
425;16/04/2025 07:05;60
426;16/04/2025 07:06;60
427;16/04/2025 07:07;60
428;16/04/2025 07:08;60
429;16/04/2025 07:09;60
430;16/04/2025 07:10;60
431;16/04/2025 07:11;60
432;16/04/2025 07:12;60
433;16/04/2025 07:13;60
434;16/04/2025 07:14;60
435;16/04/2025 07:15;60
436;16/04/2025 07:16;60
437;16/04/2025 07:17;60
438;16/04/2025 07:18;60
439;16/04/2025 07:19;60
440;16/04/2025 07:20;60
441;16/04/2025 07:21;60
442;16/04/2025 07:22;60
443;16/04/2025 07:23;60
444;16/04/2025 07:24;60
445;16/04/2025 07:25;60
446;16/04/2025 07:26;60
447;16/04/2025 07:27;60
448;16/04/2025 07:28;60
449;16/04/2025 07:29;60
450;16/04/2025 07:30;60
451;16/04/2025 07:31;60
452;16/04/2025 07:32;60
453;16/04/2025 07:33;60
454;16/04/2025 07:34;60
455;16/04/2025 07:35;60
456;16/04/2025 07:36;60
457;16/04/2025 07:37;60
458;16/04/2025 07:38;60
459;16/04/2025 07:39;60
460;16/04/2025 07:40;60
461;16/04/2025 07:41;60
462;16/04/2025 07:42;60
463;16/04/2025 07:43;60
464;16/04/2025 07:44;60
465;16/04/2025 07:45;60
466;16/04/2025 07:46;60
467;16/04/2025 07:47;60
468;16/04/2025 07:48;60
469;16/04/2025 07:49;60
470;16/04/2025 07:50;60
471;16/04/2025 07:51;60
472;16/04/2025 07:52;60
473;16/04/2025 07:53;60
474;16/04/2025 07:54;60
475;16/04/2025 07:55;60
476;16/04/2025 07:56;60
477;16/04/2025 07:57;60
478;16/04/2025 07:58;60
479;16/04/2025 07:59;60
480;16/04/2025 08:00;60
481;16/04/2025 08:01;60
482;16/04/2025 08:02;60
483;16/04/2025 08:03;60
484;16/04/2025 08:04;60
485;16/04/2025 08:05;60
486;16/04/2025 08:06;60
487;16/04/2025 08:07;60
488;16/04/2025 08:08;60
489;16/04/2025 08:09;60
490;16/04/2025 08:10;60
491;16/04/2025 08:11;60
492;16/04/2025 08:12;60
493;16/04/2025 08:13;60
494;16/04/2025 08:14;60
495;16/04/2025 08:15;60
496;16/04/2025 08:16;60
497;16/04/2025 08:17;60
498;16/04/2025 08:18;60
499;16/04/2025 08:19;60
500;16/04/2025 08:20;60
501;16/04/2025 08:21;60
502;16/04/2025 08:22;60
503;16/04/2025 08:23;60
504;16/04/2025 08:24;60
505;16/04/2025 08:25;60
506;16/04/2025 08:26;60
507;16/04/2025 08:27;60
508;16/04/2025 08:28;60
509;16/04/2025 08:29;60
510;16/04/2025 08:30;60
511;16/04/2025 08:31;60
512;16/04/2025 08:32;60
513;16/04/2025 08:33;60
514;16/04/2025 08:34;60
515;16/04/2025 08:35;120
516;16/04/2025 08:36;120
517;16/04/2025 08:37;120
518;16/04/2025 08:38;120
519;16/04/2025 08:39;120
520;16/04/2025 08:40;120
521;16/04/2025 08:41;120
522;16/04/2025 08:42;120
523;16/04/2025 08:43;120
524;16/04/2025 08:44;120
525;16/04/2025 08:45;120
526;16/04/2025 08:46;120
527;16/04/2025 08:47;120
528;16/04/2025 08:48;120
529;16/04/2025 08:49;120
530;16/04/2025 08:50;120
531;16/04/2025 08:51;120
532;16/04/2025 08:52;120
533;16/04/2025 08:53;120
534;16/04/2025 08:54;120
535;16/04/2025 08:55;120
536;16/04/2025 08:56;120
537;16/04/2025 08:57;120
538;16/04/2025 08:58;120
539;16/04/2025 08:59;120
540;16/04/2025 09:00;120
541;16/04/2025 09:01;120
542;16/04/2025 09:02;120
543;16/04/2025 09:03;120
544;16/04/2025 09:04;120
545;16/04/2025 09:05;120
546;16/04/2025 09:06;120
547;16/04/2025 09:07;120
548;16/04/2025 09:08;120
549;16/04/2025 09:09;120
550;16/04/2025 09:10;120
551;16/04/2025 09:11;120
552;16/04/2025 09:12;120
553;16/04/2025 09:13;120
554;16/04/2025 09:14;120
555;16/04/2025 09:15;120
556;16/04/2025 09:16;120
557;16/04/2025 09:17;120
558;16/04/2025 09:18;120
559;16/04/2025 09:19;120
560;16/04/2025 09:20;120
561;16/04/2025 09:21;120
562;16/04/2025 09:22;120
563;16/04/2025 09:23;120
564;16/04/2025 09:24;120
565;16/04/2025 09:25;120
566;16/04/2025 09:26;120
567;16/04/2025 09:27;120
568;16/04/2025 09:28;120
569;16/04/2025 09:29;120
570;16/04/2025 09:30;120
571;16/04/2025 09:31;120
572;16/04/2025 09:32;120
573;16/04/2025 09:33;120
574;16/04/2025 09:34;60
575;16/04/2025 09:35;60
576;16/04/2025 09:36;60
577;16/04/2025 09:37;60
578;16/04/2025 09:38;60
579;16/04/2025 09:39;60
580;16/04/2025 09:40;60
581;16/04/2025 09:41;60
582;16/04/2025 09:42;60
583;16/04/2025 09:43;60
584;16/04/2025 09:44;60
585;16/04/2025 09:45;60
586;16/04/2025 09:46;60
587;16/04/2025 09:47;60
588;16/04/2025 09:48;60
589;16/04/2025 09:49;60
590;16/04/2025 09:50;60
591;16/04/2025 09:51;60
592;16/04/2025 09:52;60
593;16/04/2025 09:53;60
594;16/04/2025 09:54;60
595;16/04/2025 09:55;60
596;16/04/2025 09:56;60
597;16/04/2025 09:57;60
598;16/04/2025 09:58;60
599;16/04/2025 09:59;60
600;16/04/2025 10:00;60
601;16/04/2025 10:01;60
602;16/04/2025 10:02;60
603;16/04/2025 10:03;60
604;16/04/2025 10:04;60
605;16/04/2025 10:05;60
606;16/04/2025 10:06;60
607;16/04/2025 10:07;60
608;16/04/2025 10:08;60
609;16/04/2025 10:09;60
610;16/04/2025 10:10;60
611;16/04/2025 10:11;60
612;16/04/2025 10:12;60
613;16/04/2025 10:13;60
614;16/04/2025 10:14;60
615;16/04/2025 10:15;60
616;16/04/2025 10:16;60
617;16/04/2025 10:17;60
618;16/04/2025 10:18;60
619;16/04/2025 10:19;60
620;16/04/2025 10:20;60
621;16/04/2025 10:21;60
622;16/04/2025 10:22;60
623;16/04/2025 10:23;60
624;16/04/2025 10:24;60
625;16/04/2025 10:25;60
626;16/04/2025 10:26;60
627;16/04/2025 10:27;60
628;16/04/2025 10:28;60
629;16/04/2025 10:29;60
630;16/04/2025 10:30;60
631;16/04/2025 10:31;60
632;16/04/2025 10:32;60
633;16/04/2025 10:33;60
634;16/04/2025 10:34;60
635;16/04/2025 10:35;60
636;16/04/2025 10:36;60
637;16/04/2025 10:37;60
638;16/04/2025 10:38;60
639;16/04/2025 10:39;60
640;16/04/2025 10:40;60
641;16/04/2025 10:41;60
642;16/04/2025 10:42;60
643;16/04/2025 10:43;60
644;16/04/2025 10:44;60
645;16/04/2025 10:45;60
646;16/04/2025 10:46;60
647;16/04/2025 10:47;60
648;16/04/2025 10:48;60
649;16/04/2025 10:49;60
650;16/04/2025 10:50;60
651;16/04/2025 10:51;60
652;16/04/2025 10:52;60
653;16/04/2025 10:53;60
654;16/04/2025 10:54;60
655;16/04/2025 10:55;60
656;16/04/2025 10:56;60
657;16/04/2025 10:57;60
658;16/04/2025 10:58;60
659;16/04/2025 10:59;60
660;16/04/2025 11:00;60
661;16/04/2025 11:01;60
662;16/04/2025 11:02;60
663;16/04/2025 11:03;60
664;16/04/2025 11:04;60
665;16/04/2025 11:05;60
666;16/04/2025 11:06;60
667;16/04/2025 11:07;60
668;16/04/2025 11:08;60
669;16/04/2025 11:09;60
670;16/04/2025 11:10;60
671;16/04/2025 11:11;60
672;16/04/2025 11:12;60
673;16/04/2025 11:13;60
674;16/04/2025 11:14;60
675;16/04/2025 11:15;60
676;16/04/2025 11:16;60
677;16/04/2025 11:17;60
678;16/04/2025 11:18;60
679;16/04/2025 11:19;60
680;16/04/2025 11:20;60
681;16/04/2025 11:21;60
682;16/04/2025 11:22;60
683;16/04/2025 11:23;60
684;16/04/2025 11:24;60
685;16/04/2025 11:25;60
686;16/04/2025 11:26;60
687;16/04/2025 11:27;60
688;16/04/2025 11:28;60
689;16/04/2025 11:29;60
690;16/04/2025 11:30;60
691;16/04/2025 11:31;60
692;16/04/2025 11:32;60
693;16/04/2025 11:33;60
694;16/04/2025 11:34;60
695;16/04/2025 11:35;60
696;16/04/2025 11:36;60
697;16/04/2025 11:37;60
698;16/04/2025 11:38;60
699;16/04/2025 11:39;60
700;16/04/2025 11:40;60
701;16/04/2025 11:41;60
702;16/04/2025 11:42;60
703;16/04/2025 11:43;60
704;16/04/2025 11:44;60
705;16/04/2025 11:45;60
706;16/04/2025 11:46;60
707;16/04/2025 11:47;60
708;16/04/2025 11:48;60
709;16/04/2025 11:49;60
710;16/04/2025 11:50;60
711;16/04/2025 11:51;60
712;16/04/2025 11:52;60
713;16/04/2025 11:53;60
714;16/04/2025 11:54;60
715;16/04/2025 11:55;60
716;16/04/2025 11:56;60
717;16/04/2025 11:57;60
718;16/04/2025 11:58;60
719;16/04/2025 11:59;60
720;16/04/2025 12:00;60
721;16/04/2025 12:01;60
722;16/04/2025 12:02;60
723;16/04/2025 12:03;60
724;16/04/2025 12:04;60
725;16/04/2025 12:05;60
726;16/04/2025 12:06;60
727;16/04/2025 12:07;60
728;16/04/2025 12:08;60
729;16/04/2025 12:09;60
730;16/04/2025 12:10;60
731;16/04/2025 12:11;60
732;16/04/2025 12:12;60
733;16/04/2025 12:13;60
734;16/04/2025 12:14;60
735;16/04/2025 12:15;60
736;16/04/2025 12:16;60
737;16/04/2025 12:17;60
738;16/04/2025 12:18;60
739;16/04/2025 12:19;60
740;16/04/2025 12:20;60
741;16/04/2025 12:21;60
742;16/04/2025 12:22;60
743;16/04/2025 12:23;60
744;16/04/2025 12:24;60
745;16/04/2025 12:25;60
746;16/04/2025 12:26;60
747;16/04/2025 12:27;60
748;16/04/2025 12:28;60
749;16/04/2025 12:29;60
750;16/04/2025 12:30;60
751;16/04/2025 12:31;60
752;16/04/2025 12:32;60
753;16/04/2025 12:33;60
754;16/04/2025 12:34;60
755;16/04/2025 12:35;60
756;16/04/2025 12:36;60
757;16/04/2025 12:37;60
758;16/04/2025 12:38;60
759;16/04/2025 12:39;60
760;16/04/2025 12:40;60
761;16/04/2025 12:41;60
762;16/04/2025 12:42;60
763;16/04/2025 12:43;60
764;16/04/2025 12:44;60
765;16/04/2025 12:45;60
766;16/04/2025 12:46;60
767;16/04/2025 12:47;60
768;16/04/2025 12:48;60
769;16/04/2025 12:49;60
770;16/04/2025 12:50;60
771;16/04/2025 12:51;60
772;16/04/2025 12:52;60
773;16/04/2025 12:53;60
774;16/04/2025 12:54;60
775;16/04/2025 12:55;60
776;16/04/2025 12:56;60
777;16/04/2025 12:57;60
778;16/04/2025 12:58;60
779;16/04/2025 12:59;60
780;16/04/2025 13:00;60
781;16/04/2025 13:01;60
782;16/04/2025 13:02;60
783;16/04/2025 13:03;60
784;16/04/2025 13:04;60
785;16/04/2025 13:05;60
786;16/04/2025 13:06;60
787;16/04/2025 13:07;60
788;16/04/2025 13:08;60
789;16/04/2025 13:09;60
790;16/04/2025 13:10;60
791;16/04/2025 13:11;60
792;16/04/2025 13:12;60
793;16/04/2025 13:13;60
794;16/04/2025 13:14;60
795;16/04/2025 13:15;60
796;16/04/2025 13:16;60
797;16/04/2025 13:17;60
798;16/04/2025 13:18;60
799;16/04/2025 13:19;60
800;16/04/2025 13:20;60
801;16/04/2025 13:21;60
802;16/04/2025 13:22;60
803;16/04/2025 13:23;60
804;16/04/2025 13:24;60
805;16/04/2025 13:25;60
806;16/04/2025 13:26;60
807;16/04/2025 13:27;60
808;16/04/2025 13:28;60
809;16/04/2025 13:29;60
810;16/04/2025 13:30;60
811;16/04/2025 13:31;60
812;16/04/2025 13:32;60
813;16/04/2025 13:33;60
814;16/04/2025 13:34;60
815;16/04/2025 13:35;60
816;16/04/2025 13:36;60
817;16/04/2025 13:37;60
818;16/04/2025 13:38;60
819;16/04/2025 13:39;60
820;16/04/2025 13:40;60
821;16/04/2025 13:41;60
822;16/04/2025 13:42;120
823;16/04/2025 13:43;120
824;16/04/2025 13:44;120
825;16/04/2025 13:45;120
826;16/04/2025 13:46;120
827;16/04/2025 13:47;120
828;16/04/2025 13:48;120
829;16/04/2025 13:49;120
830;16/04/2025 13:50;120
831;16/04/2025 13:51;120
832;16/04/2025 13:52;120
833;16/04/2025 13:53;120
834;16/04/2025 13:54;120
835;16/04/2025 13:55;120
836;16/04/2025 13:56;120
837;16/04/2025 13:57;120
838;16/04/2025 13:58;120
839;16/04/2025 13:59;120
840;16/04/2025 14:00;60
841;16/04/2025 14:01;60
842;16/04/2025 14:02;60
843;16/04/2025 14:03;60
844;16/04/2025 14:04;60
845;16/04/2025 14:05;60
846;16/04/2025 14:06;60
847;16/04/2025 14:07;60
848;16/04/2025 14:08;60
849;16/04/2025 14:09;60
850;16/04/2025 14:10;60
851;16/04/2025 14:11;60
852;16/04/2025 14:12;60
853;16/04/2025 14:13;60
854;16/04/2025 14:14;60
855;16/04/2025 14:15;60
856;16/04/2025 14:16;60
857;16/04/2025 14:17;60
858;16/04/2025 14:18;60
859;16/04/2025 14:19;60
860;16/04/2025 14:20;60
861;16/04/2025 14:21;60
862;16/04/2025 14:22;60
863;16/04/2025 14:23;60
864;16/04/2025 14:24;60
865;16/04/2025 14:25;60
866;16/04/2025 14:26;60
867;16/04/2025 14:27;60
868;16/04/2025 14:28;60
869;16/04/2025 14:29;60
870;16/04/2025 14:30;60
871;16/04/2025 14:31;60
872;16/04/2025 14:32;60
873;16/04/2025 14:33;60
874;16/04/2025 14:34;60
875;16/04/2025 14:35;60
876;16/04/2025 14:36;60
877;16/04/2025 14:37;60
878;16/04/2025 14:38;60
879;16/04/2025 14:39;60
880;16/04/2025 14:40;60
881;16/04/2025 14:41;60
882;16/04/2025 14:42;60
883;16/04/2025 14:43;60
884;16/04/2025 14:44;60
885;16/04/2025 14:45;60
886;16/04/2025 14:46;60
887;16/04/2025 14:47;60
888;16/04/2025 14:48;60
889;16/04/2025 14:49;60
890;16/04/2025 14:50;60
891;16/04/2025 14:51;60
892;16/04/2025 14:52;60
893;16/04/2025 14:53;60
894;16/04/2025 14:54;60
895;16/04/2025 14:55;60
896;16/04/2025 14:56;60
897;16/04/2025 14:57;60
898;16/04/2025 14:58;60
899;16/04/2025 14:59;60
900;16/04/2025 15:00;60
901;16/04/2025 15:01;60
902;16/04/2025 15:02;60
903;16/04/2025 15:03;60
904;16/04/2025 15:04;60
905;16/04/2025 15:05;60
906;16/04/2025 15:06;60
907;16/04/2025 15:07;60
908;16/04/2025 15:08;60
909;16/04/2025 15:09;60
910;16/04/2025 15:10;60
911;16/04/2025 15:11;60
912;16/04/2025 15:12;60
913;16/04/2025 15:13;60
914;16/04/2025 15:14;60
915;16/04/2025 15:15;60
916;16/04/2025 15:16;60
917;16/04/2025 15:17;60
918;16/04/2025 15:18;60
919;16/04/2025 15:19;60
920;16/04/2025 15:20;60
921;16/04/2025 15:21;60
922;16/04/2025 15:22;60
923;16/04/2025 15:23;60
924;16/04/2025 15:24;60
925;16/04/2025 15:25;60
926;16/04/2025 15:26;60
927;16/04/2025 15:27;60
928;16/04/2025 15:28;60
929;16/04/2025 15:29;60
930;16/04/2025 15:30;60
931;16/04/2025 15:31;60
932;16/04/2025 15:32;60
933;16/04/2025 15:33;60
934;16/04/2025 15:34;60
935;16/04/2025 15:35;60
936;16/04/2025 15:36;60
937;16/04/2025 15:37;60
938;16/04/2025 15:38;60
939;16/04/2025 15:39;60
940;16/04/2025 15:40;60
941;16/04/2025 15:41;60
942;16/04/2025 15:42;60
943;16/04/2025 15:43;60
944;16/04/2025 15:44;60
945;16/04/2025 15:45;60
946;16/04/2025 15:46;60
947;16/04/2025 15:47;60
948;16/04/2025 15:48;60
949;16/04/2025 15:49;60
950;16/04/2025 15:50;60
951;16/04/2025 15:51;60
952;16/04/2025 15:52;60
953;16/04/2025 15:53;60
954;16/04/2025 15:54;60
955;16/04/2025 15:55;60
956;16/04/2025 15:56;60
957;16/04/2025 15:57;60
958;16/04/2025 15:58;60
959;16/04/2025 15:59;60
960;16/04/2025 16:00;60
961;16/04/2025 16:01;60
962;16/04/2025 16:02;60
963;16/04/2025 16:03;60
964;16/04/2025 16:04;60
965;16/04/2025 16:05;60
966;16/04/2025 16:06;60
967;16/04/2025 16:07;60
968;16/04/2025 16:08;60
969;16/04/2025 16:09;60
970;16/04/2025 16:10;60
971;16/04/2025 16:11;60
972;16/04/2025 16:12;60
973;16/04/2025 16:13;60
974;16/04/2025 16:14;60
975;16/04/2025 16:15;60
976;16/04/2025 16:16;60
977;16/04/2025 16:17;60
978;16/04/2025 16:18;60
979;16/04/2025 16:19;60
980;16/04/2025 16:20;60
981;16/04/2025 16:21;60
982;16/04/2025 16:22;60
983;16/04/2025 16:23;60
984;16/04/2025 16:24;60
985;16/04/2025 16:25;60
986;16/04/2025 16:26;60
987;16/04/2025 16:27;60
988;16/04/2025 16:28;60
989;16/04/2025 16:29;60
990;16/04/2025 16:30;60
991;16/04/2025 16:31;60
992;16/04/2025 16:32;60
993;16/04/2025 16:33;60
994;16/04/2025 16:34;60
995;16/04/2025 16:35;60
996;16/04/2025 16:36;60
997;16/04/2025 16:37;60
998;16/04/2025 16:38;60
999;16/04/2025 16:39;60
1000;16/04/2025 16:40;60
1001;16/04/2025 16:41;60
1002;16/04/2025 16:42;60
1003;16/04/2025 16:43;60
1004;16/04/2025 16:44;60
1005;16/04/2025 16:45;60
1006;16/04/2025 16:46;60
1007;16/04/2025 16:47;60
1008;16/04/2025 16:48;60
1009;16/04/2025 16:49;60
1010;16/04/2025 16:50;60
1011;16/04/2025 16:51;60
1012;16/04/2025 16:52;60
1013;16/04/2025 16:53;60
1014;16/04/2025 16:54;60
1015;16/04/2025 16:55;60
1016;16/04/2025 16:56;60
1017;16/04/2025 16:57;60
1018;16/04/2025 16:58;60
1019;16/04/2025 16:59;60
1020;16/04/2025 17:00;60
1021;16/04/2025 17:01;60
1022;16/04/2025 17:02;60
1023;16/04/2025 17:03;60
1024;16/04/2025 17:04;60
1025;16/04/2025 17:05;60
1026;16/04/2025 17:06;60
1027;16/04/2025 17:07;60
1028;16/04/2025 17:08;60
1029;16/04/2025 17:09;60
1030;16/04/2025 17:10;60
1031;16/04/2025 17:11;60
1032;16/04/2025 17:12;60
1033;16/04/2025 17:13;60
1034;16/04/2025 17:14;60
1035;16/04/2025 17:15;60
1036;16/04/2025 17:16;60
1037;16/04/2025 17:17;60
1038;16/04/2025 17:18;60
1039;16/04/2025 17:19;60
1040;16/04/2025 17:20;60
1041;16/04/2025 17:21;60
1042;16/04/2025 17:22;60
1043;16/04/2025 17:23;60
1044;16/04/2025 17:24;60
1045;16/04/2025 17:25;60
1046;16/04/2025 17:26;60
1047;16/04/2025 17:27;60
1048;16/04/2025 17:28;60
1049;16/04/2025 17:29;60
1050;16/04/2025 17:30;60
1051;16/04/2025 17:31;60
1052;16/04/2025 17:32;60
1053;16/04/2025 17:33;60
1054;16/04/2025 17:34;120
1055;16/04/2025 17:35;120
1056;16/04/2025 17:36;120
1057;16/04/2025 17:37;120
1058;16/04/2025 17:38;120
1059;16/04/2025 17:39;120
1060;16/04/2025 17:40;120
1061;16/04/2025 17:41;120
1062;16/04/2025 17:42;120
1063;16/04/2025 17:43;120
1064;16/04/2025 17:44;120
1065;16/04/2025 17:45;120
1066;16/04/2025 17:46;120
1067;16/04/2025 17:47;120
1068;16/04/2025 17:48;120
1069;16/04/2025 17:49;120
1070;16/04/2025 17:50;120
1071;16/04/2025 17:51;120
1072;16/04/2025 17:52;120
1073;16/04/2025 17:53;120
1074;16/04/2025 17:54;120
1075;16/04/2025 17:55;120
1076;16/04/2025 17:56;120
1077;16/04/2025 17:57;120
1078;16/04/2025 17:58;120
1079;16/04/2025 17:59;120
1080;16/04/2025 18:00;120
1081;16/04/2025 18:01;120
1082;16/04/2025 18:02;120
1083;16/04/2025 18:03;120
1084;16/04/2025 18:04;120
1085;16/04/2025 18:05;120
1086;16/04/2025 18:06;120
1087;16/04/2025 18:07;120
1088;16/04/2025 18:08;120
1089;16/04/2025 18:09;120
1090;16/04/2025 18:10;120
1091;16/04/2025 18:11;120
1092;16/04/2025 18:12;120
1093;16/04/2025 18:13;120
1094;16/04/2025 18:14;120
1095;16/04/2025 18:15;120
1096;16/04/2025 18:16;120
1097;16/04/2025 18:17;120
1098;16/04/2025 18:18;120
1099;16/04/2025 18:19;120
1100;16/04/2025 18:20;120
1101;16/04/2025 18:21;120
1102;16/04/2025 18:22;120
1103;16/04/2025 18:23;120
1104;16/04/2025 18:24;120
1105;16/04/2025 18:25;120
1106;16/04/2025 18:26;120
1107;16/04/2025 18:27;120
1108;16/04/2025 18:28;120
1109;16/04/2025 18:29;60
1110;16/04/2025 18:30;60
1111;16/04/2025 18:31;60
1112;16/04/2025 18:32;60
1113;16/04/2025 18:33;60
1114;16/04/2025 18:34;60
1115;16/04/2025 18:35;60
1116;16/04/2025 18:36;60
1117;16/04/2025 18:37;60
1118;16/04/2025 18:38;60
1119;16/04/2025 18:39;60
1120;16/04/2025 18:40;60
1121;16/04/2025 18:41;60
1122;16/04/2025 18:42;60
1123;16/04/2025 18:43;60
1124;16/04/2025 18:44;0
1125;16/04/2025 18:45;0
1126;16/04/2025 18:46;0
1127;16/04/2025 18:47;0
1128;16/04/2025 18:48;0
1129;16/04/2025 18:49;0
1130;16/04/2025 18:50;0
1131;16/04/2025 18:51;0
1132;16/04/2025 18:52;0
1133;16/04/2025 18:53;0
1134;16/04/2025 18:54;0
1135;16/04/2025 18:55;0
1136;16/04/2025 18:56;0
1137;16/04/2025 18:57;0
1138;16/04/2025 18:58;0
1139;16/04/2025 18:59;0
1140;16/04/2025 19:00;0
1141;16/04/2025 19:01;0
1142;16/04/2025 19:02;0
1143;16/04/2025 19:03;0
1144;16/04/2025 19:04;0
1145;16/04/2025 19:05;0
1146;16/04/2025 19:06;0
1147;16/04/2025 19:07;0
1148;16/04/2025 19:08;0
1149;16/04/2025 19:09;0
1150;16/04/2025 19:10;0
1151;16/04/2025 19:11;0
1152;16/04/2025 19:12;0
1153;16/04/2025 19:13;0
1154;16/04/2025 19:14;0
1155;16/04/2025 19:15;0
1156;16/04/2025 19:16;0
1157;16/04/2025 19:17;0
1158;16/04/2025 19:18;0
1159;16/04/2025 19:19;0
1160;16/04/2025 19:20;0
1161;16/04/2025 19:21;0
1162;16/04/2025 19:22;0
1163;16/04/2025 19:23;0
1164;16/04/2025 19:24;0
1165;16/04/2025 19:25;0
1166;16/04/2025 19:26;0
1167;16/04/2025 19:27;0
1168;16/04/2025 19:28;0
1169;16/04/2025 19:29;0
1170;16/04/2025 19:30;0
1171;16/04/2025 19:31;0
1172;16/04/2025 19:32;0
1173;16/04/2025 19:33;0
1174;16/04/2025 19:34;0
1175;16/04/2025 19:35;0
1176;16/04/2025 19:36;0
1177;16/04/2025 19:37;0
1178;16/04/2025 19:38;0
1179;16/04/2025 19:39;0
1180;16/04/2025 19:40;0
1181;16/04/2025 19:41;0
1182;16/04/2025 19:42;0
1183;16/04/2025 19:43;0
1184;16/04/2025 19:44;0
1185;16/04/2025 19:45;0
1186;16/04/2025 19:46;0
1187;16/04/2025 19:47;0
1188;16/04/2025 19:48;0
1189;16/04/2025 19:49;0
1190;16/04/2025 19:50;0
1191;16/04/2025 19:51;0
1192;16/04/2025 19:52;0
1193;16/04/2025 19:53;0
1194;16/04/2025 19:54;0
1195;16/04/2025 19:55;0
1196;16/04/2025 19:56;0
1197;16/04/2025 19:57;0
1198;16/04/2025 19:58;0
1199;16/04/2025 19:59;0
1200;16/04/2025 20:00;0
1201;16/04/2025 20:01;0
1202;16/04/2025 20:02;0
1203;16/04/2025 20:03;0
1204;16/04/2025 20:04;0
1205;16/04/2025 20:05;0
1206;16/04/2025 20:06;0
1207;16/04/2025 20:07;0
1208;16/04/2025 20:08;0
1209;16/04/2025 20:09;0
1210;16/04/2025 20:10;0
1211;16/04/2025 20:11;0
1212;16/04/2025 20:12;0
1213;16/04/2025 20:13;0
1214;16/04/2025 20:14;0
1215;16/04/2025 20:15;0
1216;16/04/2025 20:16;0
1217;16/04/2025 20:17;0
1218;16/04/2025 20:18;0
1219;16/04/2025 20:19;0
1220;16/04/2025 20:20;0
1221;16/04/2025 20:21;0
1222;16/04/2025 20:22;0
1223;16/04/2025 20:23;0
1224;16/04/2025 20:24;0
1225;16/04/2025 20:25;0
1226;16/04/2025 20:26;0
1227;16/04/2025 20:27;0
1228;16/04/2025 20:28;0
1229;16/04/2025 20:29;0
1230;16/04/2025 20:30;0
1231;16/04/2025 20:31;0
1232;16/04/2025 20:32;0
1233;16/04/2025 20:33;0
1234;16/04/2025 20:34;0
1235;16/04/2025 20:35;0
1236;16/04/2025 20:36;0
1237;16/04/2025 20:37;0
1238;16/04/2025 20:38;0
1239;16/04/2025 20:39;0
1240;16/04/2025 20:40;0
1241;16/04/2025 20:41;0
1242;16/04/2025 20:42;0
1243;16/04/2025 20:43;0
1244;16/04/2025 20:44;0
1245;16/04/2025 20:45;0
1246;16/04/2025 20:46;0
1247;16/04/2025 20:47;0
1248;16/04/2025 20:48;0
1249;16/04/2025 20:49;0
1250;16/04/2025 20:50;0
1251;16/04/2025 20:51;0
1252;16/04/2025 20:52;0
1253;16/04/2025 20:53;0
1254;16/04/2025 20:54;0
1255;16/04/2025 20:55;0
1256;16/04/2025 20:56;0
1257;16/04/2025 20:57;0
1258;16/04/2025 20:58;0
1259;16/04/2025 20:59;0
1260;16/04/2025 21:00;0
1261;16/04/2025 21:01;0
1262;16/04/2025 21:02;0
1263;16/04/2025 21:03;0
1264;16/04/2025 21:04;0
1265;16/04/2025 21:05;0
1266;16/04/2025 21:06;0
1267;16/04/2025 21:07;0
1268;16/04/2025 21:08;0
1269;16/04/2025 21:09;0
1270;16/04/2025 21:10;0
1271;16/04/2025 21:11;0
1272;16/04/2025 21:12;0
1273;16/04/2025 21:13;0
1274;16/04/2025 21:14;0
1275;16/04/2025 21:15;0
1276;16/04/2025 21:16;0
1277;16/04/2025 21:17;0
1278;16/04/2025 21:18;0
1279;16/04/2025 21:19;0
1280;16/04/2025 21:20;0
1281;16/04/2025 21:21;0
1282;16/04/2025 21:22;0
1283;16/04/2025 21:23;0
1284;16/04/2025 21:24;0
1285;16/04/2025 21:25;0
1286;16/04/2025 21:26;0
1287;16/04/2025 21:27;0
1288;16/04/2025 21:28;0
1289;16/04/2025 21:29;0
1290;16/04/2025 21:30;0
1291;16/04/2025 21:31;0
1292;16/04/2025 21:32;0
1293;16/04/2025 21:33;0
1294;16/04/2025 21:34;0
1295;16/04/2025 21:35;0
1296;16/04/2025 21:36;0
1297;16/04/2025 21:37;0
1298;16/04/2025 21:38;0
1299;16/04/2025 21:39;0
1300;16/04/2025 21:40;0
1301;16/04/2025 21:41;0
1302;16/04/2025 21:42;0
1303;16/04/2025 21:43;0
1304;16/04/2025 21:44;0
1305;16/04/2025 21:45;0
1306;16/04/2025 21:46;0
1307;16/04/2025 21:47;0
1308;16/04/2025 21:48;0
1309;16/04/2025 21:49;0
1310;16/04/2025 21:50;0
1311;16/04/2025 21:51;0
1312;16/04/2025 21:52;0
1313;16/04/2025 21:53;0
1314;16/04/2025 21:54;0
1315;16/04/2025 21:55;0
1316;16/04/2025 21:56;0
1317;16/04/2025 21:57;0
1318;16/04/2025 21:58;0
1319;16/04/2025 21:59;0
1320;16/04/2025 22:00;0
1321;16/04/2025 22:01;0
1322;16/04/2025 22:02;0
1323;16/04/2025 22:03;0
1324;16/04/2025 22:04;0
1325;16/04/2025 22:05;0
1326;16/04/2025 22:06;0
1327;16/04/2025 22:07;0
1328;16/04/2025 22:08;0
1329;16/04/2025 22:09;0
1330;16/04/2025 22:10;0
1331;16/04/2025 22:11;0
1332;16/04/2025 22:12;0
1333;16/04/2025 22:13;0
1334;16/04/2025 22:14;0
1335;16/04/2025 22:15;0
1336;16/04/2025 22:16;0
1337;16/04/2025 22:17;0
1338;16/04/2025 22:18;0
1339;16/04/2025 22:19;0
1340;16/04/2025 22:20;0
1341;16/04/2025 22:21;0
1342;16/04/2025 22:22;0
1343;16/04/2025 22:23;0
1344;16/04/2025 22:24;0
1345;16/04/2025 22:25;0
1346;16/04/2025 22:26;0
1347;16/04/2025 22:27;0
1348;16/04/2025 22:28;0
1349;16/04/2025 22:29;0
1350;16/04/2025 22:30;0
1351;16/04/2025 22:31;0
1352;16/04/2025 22:32;0
1353;16/04/2025 22:33;0
1354;16/04/2025 22:34;0
1355;16/04/2025 22:35;0
1356;16/04/2025 22:36;0
1357;16/04/2025 22:37;0
1358;16/04/2025 22:38;0
1359;16/04/2025 22:39;0
1360;16/04/2025 22:40;0
1361;16/04/2025 22:41;0
1362;16/04/2025 22:42;0
1363;16/04/2025 22:43;0
1364;16/04/2025 22:44;0
1365;16/04/2025 22:45;0
1366;16/04/2025 22:46;60
1367;16/04/2025 22:47;60
1368;16/04/2025 22:48;60
1369;16/04/2025 22:49;60
1370;16/04/2025 22:50;60
1371;16/04/2025 22:51;60
1372;16/04/2025 22:52;60
1373;16/04/2025 22:53;60
1374;16/04/2025 22:54;60
1375;16/04/2025 22:55;60
1376;16/04/2025 22:56;60
1377;16/04/2025 22:57;60
1378;16/04/2025 22:58;60
1379;16/04/2025 22:59;60
1380;16/04/2025 23:00;60
1381;16/04/2025 23:01;60
1382;16/04/2025 23:02;60
1383;16/04/2025 23:03;60
1384;16/04/2025 23:04;60
1385;16/04/2025 23:05;60
1386;16/04/2025 23:06;60
1387;16/04/2025 23:07;60
1388;16/04/2025 23:08;60
1389;16/04/2025 23:09;60
1390;16/04/2025 23:10;60
1391;16/04/2025 23:11;60
1392;16/04/2025 23:12;60
1393;16/04/2025 23:13;60
1394;16/04/2025 23:14;60
1395;16/04/2025 23:15;60
1396;16/04/2025 23:16;60
1397;16/04/2025 23:17;60
1398;16/04/2025 23:18;60
1399;16/04/2025 23:19;60
1400;16/04/2025 23:20;60
1401;16/04/2025 23:21;60
1402;16/04/2025 23:22;60
1403;16/04/2025 23:23;60
1404;16/04/2025 23:24;60
1405;16/04/2025 23:25;60
1406;16/04/2025 23:26;60
1407;16/04/2025 23:27;60
1408;16/04/2025 23:28;60
1409;16/04/2025 23:29;60
1410;16/04/2025 23:30;60
1411;16/04/2025 23:31;60
1412;16/04/2025 23:32;60
1413;16/04/2025 23:33;60
1414;16/04/2025 23:34;60
1415;16/04/2025 23:35;60
1416;16/04/2025 23:36;60
1417;16/04/2025 23:37;60
1418;16/04/2025 23:38;60
1419;16/04/2025 23:39;60
1420;16/04/2025 23:40;60
1421;16/04/2025 23:41;60
1422;16/04/2025 23:42;60
1423;16/04/2025 23:43;60
1424;16/04/2025 23:44;60
1425;16/04/2025 23:45;60
1426;16/04/2025 23:46;60
1427;16/04/2025 23:47;60
1428;16/04/2025 23:48;60
1429;16/04/2025 23:49;60
1430;16/04/2025 23:50;60
1431;16/04/2025 23:51;60
1432;16/04/2025 23:52;60
1433;16/04/2025 23:53;60
1434;16/04/2025 23:54;60
1435;16/04/2025 23:55;60
1436;16/04/2025 23:56;60
1437;16/04/2025 23:57;60
1438;16/04/2025 23:58;60
1439;16/04/2025 23:59;60
1440;17/04/2025 00:00;60
1441;17/04/2025 00:01;60
1442;17/04/2025 00:02;60
1443;17/04/2025 00:03;60
1444;17/04/2025 00:04;60
1445;17/04/2025 00:05;60
1446;17/04/2025 00:06;60
1447;17/04/2025 00:07;60
1448;17/04/2025 00:08;60
1449;17/04/2025 00:09;60
1450;17/04/2025 00:10;60
1451;17/04/2025 00:11;60
1452;17/04/2025 00:12;60
1453;17/04/2025 00:13;60
1454;17/04/2025 00:14;60
1455;17/04/2025 00:15;60
1456;17/04/2025 00:16;60
1457;17/04/2025 00:17;60
1458;17/04/2025 00:18;60
1459;17/04/2025 00:19;60
1460;17/04/2025 00:20;60
1461;17/04/2025 00:21;60
1462;17/04/2025 00:22;60
1463;17/04/2025 00:23;60
1464;17/04/2025 00:24;60
1465;17/04/2025 00:25;60
1466;17/04/2025 00:26;60
1467;17/04/2025 00:27;60
1468;17/04/2025 00:28;60
1469;17/04/2025 00:29;60
1470;17/04/2025 00:30;60
1471;17/04/2025 00:31;60
1472;17/04/2025 00:32;60
1473;17/04/2025 00:33;60
1474;17/04/2025 00:34;60
1475;17/04/2025 00:35;60
1476;17/04/2025 00:36;60
1477;17/04/2025 00:37;60
1478;17/04/2025 00:38;60
1479;17/04/2025 00:39;60
1480;17/04/2025 00:40;60
1481;17/04/2025 00:41;60
1482;17/04/2025 00:42;60
1483;17/04/2025 00:43;60
1484;17/04/2025 00:44;60
1485;17/04/2025 00:45;60
1486;17/04/2025 00:46;60
1487;17/04/2025 00:47;60
1488;17/04/2025 00:48;60
1489;17/04/2025 00:49;60
1490;17/04/2025 00:50;60
1491;17/04/2025 00:51;60
1492;17/04/2025 00:52;60
1493;17/04/2025 00:53;60
1494;17/04/2025 00:54;60
1495;17/04/2025 00:55;60
1496;17/04/2025 00:56;60
1497;17/04/2025 00:57;60
1498;17/04/2025 00:58;60
1499;17/04/2025 00:59;60
1500;17/04/2025 01:00;60
1501;17/04/2025 01:01;60
1502;17/04/2025 01:02;60
1503;17/04/2025 01:03;60
1504;17/04/2025 01:04;60
1505;17/04/2025 01:05;60
1506;17/04/2025 01:06;60
1507;17/04/2025 01:07;60
1508;17/04/2025 01:08;60
1509;17/04/2025 01:09;60
1510;17/04/2025 01:10;60
1511;17/04/2025 01:11;60
1512;17/04/2025 01:12;60
1513;17/04/2025 01:13;60
1514;17/04/2025 01:14;60
1515;17/04/2025 01:15;60
1516;17/04/2025 01:16;60
1517;17/04/2025 01:17;60
1518;17/04/2025 01:18;60
1519;17/04/2025 01:19;60
1520;17/04/2025 01:20;60
1521;17/04/2025 01:21;60
1522;17/04/2025 01:22;60
1523;17/04/2025 01:23;60
1524;17/04/2025 01:24;60
1525;17/04/2025 01:25;60
1526;17/04/2025 01:26;60
1527;17/04/2025 01:27;60
1528;17/04/2025 01:28;60
1529;17/04/2025 01:29;60
1530;17/04/2025 01:30;60
1531;17/04/2025 01:31;60
1532;17/04/2025 01:32;60
1533;17/04/2025 01:33;60
1534;17/04/2025 01:34;60
1535;17/04/2025 01:35;60
1536;17/04/2025 01:36;60
1537;17/04/2025 01:37;60
1538;17/04/2025 01:38;60
1539;17/04/2025 01:39;60
1540;17/04/2025 01:40;60
1541;17/04/2025 01:41;60
1542;17/04/2025 01:42;60
1543;17/04/2025 01:43;60
1544;17/04/2025 01:44;60
1545;17/04/2025 01:45;60
1546;17/04/2025 01:46;60
1547;17/04/2025 01:47;60
1548;17/04/2025 01:48;60
1549;17/04/2025 01:49;60
1550;17/04/2025 01:50;60
1551;17/04/2025 01:51;60
1552;17/04/2025 01:52;60
1553;17/04/2025 01:53;60
1554;17/04/2025 01:54;60
1555;17/04/2025 01:55;60
1556;17/04/2025 01:56;60
1557;17/04/2025 01:57;60
1558;17/04/2025 01:58;60
1559;17/04/2025 01:59;60
1560;17/04/2025 02:00;60
1561;17/04/2025 02:01;60
1562;17/04/2025 02:02;60
1563;17/04/2025 02:03;60
1564;17/04/2025 02:04;60
1565;17/04/2025 02:05;60
1566;17/04/2025 02:06;60
1567;17/04/2025 02:07;60
1568;17/04/2025 02:08;60
1569;17/04/2025 02:09;60
1570;17/04/2025 02:10;60
1571;17/04/2025 02:11;60
1572;17/04/2025 02:12;60
1573;17/04/2025 02:13;60
1574;17/04/2025 02:14;60
1575;17/04/2025 02:15;60
1576;17/04/2025 02:16;60
1577;17/04/2025 02:17;60
1578;17/04/2025 02:18;60
1579;17/04/2025 02:19;60
1580;17/04/2025 02:20;60
1581;17/04/2025 02:21;60
1582;17/04/2025 02:22;60
1583;17/04/2025 02:23;60
1584;17/04/2025 02:24;60
1585;17/04/2025 02:25;60
1586;17/04/2025 02:26;60
1587;17/04/2025 02:27;60
1588;17/04/2025 02:28;60
1589;17/04/2025 02:29;60
1590;17/04/2025 02:30;60
1591;17/04/2025 02:31;60
1592;17/04/2025 02:32;60
1593;17/04/2025 02:33;60
1594;17/04/2025 02:34;60
1595;17/04/2025 02:35;60
1596;17/04/2025 02:36;60
1597;17/04/2025 02:37;60
1598;17/04/2025 02:38;60
1599;17/04/2025 02:39;60
1600;17/04/2025 02:40;60
1601;17/04/2025 02:41;60
1602;17/04/2025 02:42;60
1603;17/04/2025 02:43;60
1604;17/04/2025 02:44;60
1605;17/04/2025 02:45;60
1606;17/04/2025 02:46;60
1607;17/04/2025 02:47;60
1608;17/04/2025 02:48;60
1609;17/04/2025 02:49;60
1610;17/04/2025 02:50;60
1611;17/04/2025 02:51;60
1612;17/04/2025 02:52;60
1613;17/04/2025 02:53;60
1614;17/04/2025 02:54;60
1615;17/04/2025 02:55;60
1616;17/04/2025 02:56;60
1617;17/04/2025 02:57;60
1618;17/04/2025 02:58;60
1619;17/04/2025 02:59;60
1620;17/04/2025 03:00;60
1621;17/04/2025 03:01;60
1622;17/04/2025 03:02;60
1623;17/04/2025 03:03;60
1624;17/04/2025 03:04;60
1625;17/04/2025 03:05;60
1626;17/04/2025 03:06;60
1627;17/04/2025 03:07;60
1628;17/04/2025 03:08;60
1629;17/04/2025 03:09;60
1630;17/04/2025 03:10;60
1631;17/04/2025 03:11;60
1632;17/04/2025 03:12;60
1633;17/04/2025 03:13;60
1634;17/04/2025 03:14;60
1635;17/04/2025 03:15;60
1636;17/04/2025 03:16;60
1637;17/04/2025 03:17;60
1638;17/04/2025 03:18;60
1639;17/04/2025 03:19;60
1640;17/04/2025 03:20;60
1641;17/04/2025 03:21;60
1642;17/04/2025 03:22;60
1643;17/04/2025 03:23;60
1644;17/04/2025 03:24;60
1645;17/04/2025 03:25;60
1646;17/04/2025 03:26;60
1647;17/04/2025 03:27;60
1648;17/04/2025 03:28;60
1649;17/04/2025 03:29;60
1650;17/04/2025 03:30;60
1651;17/04/2025 03:31;60
1652;17/04/2025 03:32;60
1653;17/04/2025 03:33;60
1654;17/04/2025 03:34;60
1655;17/04/2025 03:35;60
1656;17/04/2025 03:36;60
1657;17/04/2025 03:37;60
1658;17/04/2025 03:38;60
1659;17/04/2025 03:39;60
1660;17/04/2025 03:40;60
1661;17/04/2025 03:41;60
1662;17/04/2025 03:42;60
1663;17/04/2025 03:43;60
1664;17/04/2025 03:44;60
1665;17/04/2025 03:45;60
1666;17/04/2025 03:46;60
1667;17/04/2025 03:47;60
1668;17/04/2025 03:48;60
1669;17/04/2025 03:49;60
1670;17/04/2025 03:50;60
1671;17/04/2025 03:51;60
1672;17/04/2025 03:52;60
1673;17/04/2025 03:53;60
1674;17/04/2025 03:54;60
1675;17/04/2025 03:55;60
1676;17/04/2025 03:56;60
1677;17/04/2025 03:57;60
1678;17/04/2025 03:58;60
1679;17/04/2025 03:59;60
1680;17/04/2025 04:00;60
1681;17/04/2025 04:01;60
1682;17/04/2025 04:02;60
1683;17/04/2025 04:03;60
1684;17/04/2025 04:04;60
1685;17/04/2025 04:05;60
1686;17/04/2025 04:06;60
1687;17/04/2025 04:07;60
1688;17/04/2025 04:08;60
1689;17/04/2025 04:09;60
1690;17/04/2025 04:10;60
1691;17/04/2025 04:11;60
1692;17/04/2025 04:12;60
1693;17/04/2025 04:13;60
1694;17/04/2025 04:14;60
1695;17/04/2025 04:15;60
1696;17/04/2025 04:16;60
1697;17/04/2025 04:17;60
1698;17/04/2025 04:18;60
1699;17/04/2025 04:19;60
1700;17/04/2025 04:20;60
1701;17/04/2025 04:21;60
1702;17/04/2025 04:22;60
1703;17/04/2025 04:23;60
1704;17/04/2025 04:24;60
1705;17/04/2025 04:25;60
1706;17/04/2025 04:26;60
1707;17/04/2025 04:27;60
1708;17/04/2025 04:28;60
1709;17/04/2025 04:29;60
1710;17/04/2025 04:30;60
1711;17/04/2025 04:31;60
1712;17/04/2025 04:32;60
1713;17/04/2025 04:33;60
1714;17/04/2025 04:34;60
1715;17/04/2025 04:35;60
1716;17/04/2025 04:36;60
1717;17/04/2025 04:37;60
1718;17/04/2025 04:38;60
1719;17/04/2025 04:39;60
1720;17/04/2025 04:40;60
1721;17/04/2025 04:41;60
1722;17/04/2025 04:42;60
1723;17/04/2025 04:43;60
1724;17/04/2025 04:44;60
1725;17/04/2025 04:45;60
1726;17/04/2025 04:46;60
1727;17/04/2025 04:47;60
1728;17/04/2025 04:48;60
1729;17/04/2025 04:49;60
1730;17/04/2025 04:50;60
1731;17/04/2025 04:51;60
1732;17/04/2025 04:52;60
1733;17/04/2025 04:53;60
1734;17/04/2025 04:54;60
1735;17/04/2025 04:55;60
1736;17/04/2025 04:56;60
1737;17/04/2025 04:57;60
1738;17/04/2025 04:58;60
1739;17/04/2025 04:59;60
1740;17/04/2025 05:00;60
1741;17/04/2025 05:01;60
1742;17/04/2025 05:02;60
1743;17/04/2025 05:03;60
1744;17/04/2025 05:04;60
1745;17/04/2025 05:05;60
1746;17/04/2025 05:06;60
1747;17/04/2025 05:07;60
1748;17/04/2025 05:08;60
1749;17/04/2025 05:09;60
1750;17/04/2025 05:10;60
1751;17/04/2025 05:11;60
1752;17/04/2025 05:12;60
1753;17/04/2025 05:13;60
1754;17/04/2025 05:14;60
1755;17/04/2025 05:15;60
1756;17/04/2025 05:16;60
1757;17/04/2025 05:17;60
1758;17/04/2025 05:18;60
1759;17/04/2025 05:19;60
1760;17/04/2025 05:20;60
1761;17/04/2025 05:21;60
1762;17/04/2025 05:22;60
1763;17/04/2025 05:23;60
1764;17/04/2025 05:24;60
1765;17/04/2025 05:25;60
1766;17/04/2025 05:26;60
1767;17/04/2025 05:27;60
1768;17/04/2025 05:28;60
1769;17/04/2025 05:29;60
1770;17/04/2025 05:30;60
1771;17/04/2025 05:31;60
1772;17/04/2025 05:32;60
1773;17/04/2025 05:33;60
1774;17/04/2025 05:34;60
1775;17/04/2025 05:35;60
1776;17/04/2025 05:36;60
1777;17/04/2025 05:37;60
1778;17/04/2025 05:38;60
1779;17/04/2025 05:39;60
1780;17/04/2025 05:40;60
1781;17/04/2025 05:41;60
1782;17/04/2025 05:42;60
1783;17/04/2025 05:43;60
1784;17/04/2025 05:44;60
1785;17/04/2025 05:45;60
1786;17/04/2025 05:46;60
1787;17/04/2025 05:47;60
1788;17/04/2025 05:48;60
1789;17/04/2025 05:49;60
1790;17/04/2025 05:50;60
1791;17/04/2025 05:51;60
1792;17/04/2025 05:52;60
1793;17/04/2025 05:53;60
1794;17/04/2025 05:54;60
1795;17/04/2025 05:55;60
1796;17/04/2025 05:56;60
1797;17/04/2025 05:57;60
1798;17/04/2025 05:58;60
1799;17/04/2025 05:59;60
1800;17/04/2025 06:00;60
1801;17/04/2025 06:01;60
1802;17/04/2025 06:02;60
1803;17/04/2025 06:03;60
1804;17/04/2025 06:04;60
1805;17/04/2025 06:05;60
1806;17/04/2025 06:06;60
1807;17/04/2025 06:07;60
1808;17/04/2025 06:08;60
1809;17/04/2025 06:09;60
1810;17/04/2025 06:10;60
1811;17/04/2025 06:11;60
1812;17/04/2025 06:12;60
1813;17/04/2025 06:13;60
1814;17/04/2025 06:14;60
1815;17/04/2025 06:15;60
1816;17/04/2025 06:16;60
1817;17/04/2025 06:17;60
1818;17/04/2025 06:18;60
1819;17/04/2025 06:19;60
1820;17/04/2025 06:20;60
1821;17/04/2025 06:21;60
1822;17/04/2025 06:22;60
1823;17/04/2025 06:23;60
1824;17/04/2025 06:24;60
1825;17/04/2025 06:25;60
1826;17/04/2025 06:26;60
1827;17/04/2025 06:27;60
1828;17/04/2025 06:28;60
1829;17/04/2025 06:29;60
1830;17/04/2025 06:30;60
1831;17/04/2025 06:31;60
1832;17/04/2025 06:32;60
1833;17/04/2025 06:33;60
1834;17/04/2025 06:34;60
1835;17/04/2025 06:35;60
1836;17/04/2025 06:36;60
1837;17/04/2025 06:37;60
1838;17/04/2025 06:38;60
1839;17/04/2025 06:39;60
1840;17/04/2025 06:40;60
1841;17/04/2025 06:41;60
1842;17/04/2025 06:42;60
1843;17/04/2025 06:43;60
1844;17/04/2025 06:44;60
1845;17/04/2025 06:45;60
1846;17/04/2025 06:46;60
1847;17/04/2025 06:47;60
1848;17/04/2025 06:48;60
1849;17/04/2025 06:49;60
1850;17/04/2025 06:50;60
1851;17/04/2025 06:51;60
1852;17/04/2025 06:52;60
1853;17/04/2025 06:53;60
1854;17/04/2025 06:54;60
1855;17/04/2025 06:55;60
1856;17/04/2025 06:56;60
1857;17/04/2025 06:57;60
1858;17/04/2025 06:58;60
1859;17/04/2025 06:59;60
1860;17/04/2025 07:00;60
1861;17/04/2025 07:01;60
1862;17/04/2025 07:02;60
1863;17/04/2025 07:03;60
1864;17/04/2025 07:04;60
1865;17/04/2025 07:05;60
1866;17/04/2025 07:06;60
1867;17/04/2025 07:07;60
1868;17/04/2025 07:08;60
1869;17/04/2025 07:09;60
1870;17/04/2025 07:10;60
1871;17/04/2025 07:11;60
1872;17/04/2025 07:12;60
1873;17/04/2025 07:13;60
1874;17/04/2025 07:14;60
1875;17/04/2025 07:15;60
1876;17/04/2025 07:16;60
1877;17/04/2025 07:17;60
1878;17/04/2025 07:18;60
1879;17/04/2025 07:19;60
1880;17/04/2025 07:20;60
1881;17/04/2025 07:21;60
1882;17/04/2025 07:22;60
1883;17/04/2025 07:23;60
1884;17/04/2025 07:24;60
1885;17/04/2025 07:25;60
1886;17/04/2025 07:26;60
1887;17/04/2025 07:27;60
1888;17/04/2025 07:28;60
1889;17/04/2025 07:29;60
1890;17/04/2025 07:30;60
1891;17/04/2025 07:31;60
1892;17/04/2025 07:32;60
1893;17/04/2025 07:33;60
1894;17/04/2025 07:34;60
1895;17/04/2025 07:35;60
1896;17/04/2025 07:36;60
1897;17/04/2025 07:37;60
1898;17/04/2025 07:38;60
1899;17/04/2025 07:39;60
1900;17/04/2025 07:40;60
1901;17/04/2025 07:41;60
1902;17/04/2025 07:42;60
1903;17/04/2025 07:43;60
1904;17/04/2025 07:44;60
1905;17/04/2025 07:45;60
1906;17/04/2025 07:46;60
1907;17/04/2025 07:47;60
1908;17/04/2025 07:48;60
1909;17/04/2025 07:49;60
1910;17/04/2025 07:50;60
1911;17/04/2025 07:51;60
1912;17/04/2025 07:52;60
1913;17/04/2025 07:53;60
1914;17/04/2025 07:54;60
1915;17/04/2025 07:55;60
1916;17/04/2025 07:56;60
1917;17/04/2025 07:57;60
1918;17/04/2025 07:58;60
1919;17/04/2025 07:59;60
1920;17/04/2025 08:00;60
1921;17/04/2025 08:01;60
1922;17/04/2025 08:02;60
1923;17/04/2025 08:03;60
1924;17/04/2025 08:04;60
1925;17/04/2025 08:05;60
1926;17/04/2025 08:06;60
1927;17/04/2025 08:07;60
1928;17/04/2025 08:08;60
1929;17/04/2025 08:09;60
1930;17/04/2025 08:10;60
1931;17/04/2025 08:11;60
1932;17/04/2025 08:12;60
1933;17/04/2025 08:13;60
1934;17/04/2025 08:14;60
1935;17/04/2025 08:15;60
1936;17/04/2025 08:16;60
1937;17/04/2025 08:17;60
1938;17/04/2025 08:18;60
1939;17/04/2025 08:19;60
1940;17/04/2025 08:20;60
1941;17/04/2025 08:21;60
1942;17/04/2025 08:22;60
1943;17/04/2025 08:23;60
1944;17/04/2025 08:24;60
1945;17/04/2025 08:25;60
1946;17/04/2025 08:26;60
1947;17/04/2025 08:27;60
1948;17/04/2025 08:28;60
1949;17/04/2025 08:29;60
1950;17/04/2025 08:30;60
1951;17/04/2025 08:31;60
1952;17/04/2025 08:32;60
1953;17/04/2025 08:33;60
1954;17/04/2025 08:34;60
1955;17/04/2025 08:35;60
1956;17/04/2025 08:36;60
1957;17/04/2025 08:37;60
1958;17/04/2025 08:38;60
1959;17/04/2025 08:39;60
1960;17/04/2025 08:40;60
1961;17/04/2025 08:41;60
1962;17/04/2025 08:42;60
1963;17/04/2025 08:43;60
1964;17/04/2025 08:44;60
1965;17/04/2025 08:45;60
1966;17/04/2025 08:46;60
1967;17/04/2025 08:47;60
1968;17/04/2025 08:48;60
1969;17/04/2025 08:49;60
1970;17/04/2025 08:50;60
1971;17/04/2025 08:51;60
1972;17/04/2025 08:52;60
1973;17/04/2025 08:53;60
1974;17/04/2025 08:54;60
1975;17/04/2025 08:55;60
1976;17/04/2025 08:56;60
1977;17/04/2025 08:57;60
1978;17/04/2025 08:58;0
1979;17/04/2025 08:59;0
1980;17/04/2025 09:00;0
1981;17/04/2025 09:01;0
1982;17/04/2025 09:02;0
1983;17/04/2025 09:03;0
1984;17/04/2025 09:04;0
1985;17/04/2025 09:05;0
1986;17/04/2025 09:06;0
1987;17/04/2025 09:07;0
1988;17/04/2025 09:08;0
1989;17/04/2025 09:09;0
1990;17/04/2025 09:10;0
1991;17/04/2025 09:11;0
1992;17/04/2025 09:12;0
1993;17/04/2025 09:13;0
1994;17/04/2025 09:14;0
1995;17/04/2025 09:15;0
1996;17/04/2025 09:16;0
1997;17/04/2025 09:17;0
1998;17/04/2025 09:18;0
1999;17/04/2025 09:19;0
2000;17/04/2025 09:20;0
2001;17/04/2025 09:21;0
2002;17/04/2025 09:22;0
2003;17/04/2025 09:23;0
2004;17/04/2025 09:24;0
2005;17/04/2025 09:25;0
2006;17/04/2025 09:26;0
2007;17/04/2025 09:27;0
2008;17/04/2025 09:28;0
2009;17/04/2025 09:29;0
2010;17/04/2025 09:30;0
2011;17/04/2025 09:31;0
2012;17/04/2025 09:32;0
2013;17/04/2025 09:33;0
2014;17/04/2025 09:34;0
2015;17/04/2025 09:35;0
2016;17/04/2025 09:36;0
2017;17/04/2025 09:37;0
2018;17/04/2025 09:38;0
2019;17/04/2025 09:39;0
2020;17/04/2025 09:40;0
2021;17/04/2025 09:41;0
2022;17/04/2025 09:42;0
2023;17/04/2025 09:43;0
2024;17/04/2025 09:44;0
2025;17/04/2025 09:45;0
2026;17/04/2025 09:46;0
2027;17/04/2025 09:47;0
2028;17/04/2025 09:48;0
2029;17/04/2025 09:49;0
2030;17/04/2025 09:50;0
2031;17/04/2025 09:51;0
2032;17/04/2025 09:52;0
2033;17/04/2025 09:53;0
2034;17/04/2025 09:54;0
2035;17/04/2025 09:55;0
2036;17/04/2025 09:56;0
2037;17/04/2025 09:57;0
2038;17/04/2025 09:58;0
2039;17/04/2025 09:59;0
2040;17/04/2025 10:00;0
2041;17/04/2025 10:01;60
2042;17/04/2025 10:02;60
2043;17/04/2025 10:03;60
2044;17/04/2025 10:04;60
2045;17/04/2025 10:05;60
2046;17/04/2025 10:06;60
2047;17/04/2025 10:07;60
2048;17/04/2025 10:08;60
2049;17/04/2025 10:09;60
2050;17/04/2025 10:10;60
2051;17/04/2025 10:11;60
2052;17/04/2025 10:12;60
2053;17/04/2025 10:13;60
2054;17/04/2025 10:14;60
2055;17/04/2025 10:15;60
2056;17/04/2025 10:16;60
2057;17/04/2025 10:17;60
2058;17/04/2025 10:18;60
2059;17/04/2025 10:19;60
2060;17/04/2025 10:20;60
2061;17/04/2025 10:21;60
2062;17/04/2025 10:22;60
2063;17/04/2025 10:23;60
2064;17/04/2025 10:24;60
2065;17/04/2025 10:25;60
2066;17/04/2025 10:26;60
2067;17/04/2025 10:27;60
2068;17/04/2025 10:28;60
2069;17/04/2025 10:29;60
2070;17/04/2025 10:30;60
2071;17/04/2025 10:31;60
2072;17/04/2025 10:32;60
2073;17/04/2025 10:33;60
2074;17/04/2025 10:34;60
2075;17/04/2025 10:35;60
2076;17/04/2025 10:36;60
2077;17/04/2025 10:37;60
2078;17/04/2025 10:38;60
2079;17/04/2025 10:39;60
2080;17/04/2025 10:40;60
2081;17/04/2025 10:41;60
2082;17/04/2025 10:42;60
2083;17/04/2025 10:43;60
2084;17/04/2025 10:44;60
2085;17/04/2025 10:45;60
2086;17/04/2025 10:46;60
2087;17/04/2025 10:47;60
2088;17/04/2025 10:48;60
2089;17/04/2025 10:49;60
2090;17/04/2025 10:50;60
2091;17/04/2025 10:51;60
2092;17/04/2025 10:52;60
2093;17/04/2025 10:53;60
2094;17/04/2025 10:54;60
2095;17/04/2025 10:55;60
2096;17/04/2025 10:56;60
2097;17/04/2025 10:57;60
2098;17/04/2025 10:58;60
2099;17/04/2025 10:59;60
2100;17/04/2025 11:00;60
2101;17/04/2025 11:01;60
2102;17/04/2025 11:02;60
2103;17/04/2025 11:03;60
2104;17/04/2025 11:04;60
2105;17/04/2025 11:05;60
2106;17/04/2025 11:06;60
2107;17/04/2025 11:07;60
2108;17/04/2025 11:08;60
2109;17/04/2025 11:09;60
2110;17/04/2025 11:10;60
2111;17/04/2025 11:11;60
2112;17/04/2025 11:12;60
2113;17/04/2025 11:13;60
2114;17/04/2025 11:14;60
2115;17/04/2025 11:15;60
2116;17/04/2025 11:16;60
2117;17/04/2025 11:17;60
2118;17/04/2025 11:18;60
2119;17/04/2025 11:19;60
2120;17/04/2025 11:20;60
2121;17/04/2025 11:21;60
2122;17/04/2025 11:22;60
2123;17/04/2025 11:23;60
2124;17/04/2025 11:24;60
2125;17/04/2025 11:25;60
2126;17/04/2025 11:26;60
2127;17/04/2025 11:27;60
2128;17/04/2025 11:28;60
2129;17/04/2025 11:29;60
2130;17/04/2025 11:30;60
2131;17/04/2025 11:31;60
2132;17/04/2025 11:32;60
2133;17/04/2025 11:33;60
2134;17/04/2025 11:34;60
2135;17/04/2025 11:35;60
2136;17/04/2025 11:36;60
2137;17/04/2025 11:37;60
2138;17/04/2025 11:38;60
2139;17/04/2025 11:39;60
2140;17/04/2025 11:40;60
2141;17/04/2025 11:41;60
2142;17/04/2025 11:42;60
2143;17/04/2025 11:43;60
2144;17/04/2025 11:44;60
2145;17/04/2025 11:45;60
2146;17/04/2025 11:46;60
2147;17/04/2025 11:47;60
2148;17/04/2025 11:48;60
2149;17/04/2025 11:49;60
2150;17/04/2025 11:50;60
2151;17/04/2025 11:51;60
2152;17/04/2025 11:52;60
2153;17/04/2025 11:53;60
2154;17/04/2025 11:54;60
2155;17/04/2025 11:55;60
2156;17/04/2025 11:56;60
2157;17/04/2025 11:57;60
2158;17/04/2025 11:58;60
2159;17/04/2025 11:59;60
2160;17/04/2025 12:00;60
2161;17/04/2025 12:01;60
2162;17/04/2025 12:02;60
2163;17/04/2025 12:03;60
2164;17/04/2025 12:04;60
2165;17/04/2025 12:05;60
2166;17/04/2025 12:06;60
2167;17/04/2025 12:07;60
2168;17/04/2025 12:08;60
2169;17/04/2025 12:09;60
2170;17/04/2025 12:10;60
2171;17/04/2025 12:11;60
2172;17/04/2025 12:12;60
2173;17/04/2025 12:13;60
2174;17/04/2025 12:14;60
2175;17/04/2025 12:15;60
2176;17/04/2025 12:16;60
2177;17/04/2025 12:17;60
2178;17/04/2025 12:18;60
2179;17/04/2025 12:19;60
2180;17/04/2025 12:20;60
2181;17/04/2025 12:21;60
2182;17/04/2025 12:22;60
2183;17/04/2025 12:23;60
2184;17/04/2025 12:24;60
2185;17/04/2025 12:25;60
2186;17/04/2025 12:26;60
2187;17/04/2025 12:27;60
2188;17/04/2025 12:28;60
2189;17/04/2025 12:29;60
2190;17/04/2025 12:30;60
2191;17/04/2025 12:31;60
2192;17/04/2025 12:32;60
2193;17/04/2025 12:33;60
2194;17/04/2025 12:34;60
2195;17/04/2025 12:35;60
2196;17/04/2025 12:36;60
2197;17/04/2025 12:37;60
2198;17/04/2025 12:38;60
2199;17/04/2025 12:39;60
2200;17/04/2025 12:40;60
2201;17/04/2025 12:41;60
2202;17/04/2025 12:42;60
2203;17/04/2025 12:43;60
2204;17/04/2025 12:44;60
2205;17/04/2025 12:45;60
2206;17/04/2025 12:46;60
2207;17/04/2025 12:47;60
2208;17/04/2025 12:48;60
2209;17/04/2025 12:49;60
2210;17/04/2025 12:50;60
2211;17/04/2025 12:51;60
2212;17/04/2025 12:52;60
2213;17/04/2025 12:53;60
2214;17/04/2025 12:54;60
2215;17/04/2025 12:55;60
2216;17/04/2025 12:56;60
2217;17/04/2025 12:57;60
2218;17/04/2025 12:58;60
2219;17/04/2025 12:59;60
2220;17/04/2025 13:00;60
2221;17/04/2025 13:01;60
2222;17/04/2025 13:02;60
2223;17/04/2025 13:03;60
2224;17/04/2025 13:04;60
2225;17/04/2025 13:05;60
2226;17/04/2025 13:06;60
2227;17/04/2025 13:07;60
2228;17/04/2025 13:08;60
2229;17/04/2025 13:09;60
2230;17/04/2025 13:10;60
2231;17/04/2025 13:11;60
2232;17/04/2025 13:12;60
2233;17/04/2025 13:13;60
2234;17/04/2025 13:14;60
2235;17/04/2025 13:15;60
2236;17/04/2025 13:16;60
2237;17/04/2025 13:17;60
2238;17/04/2025 13:18;60
2239;17/04/2025 13:19;60
2240;17/04/2025 13:20;60
2241;17/04/2025 13:21;60
2242;17/04/2025 13:22;60
2243;17/04/2025 13:23;60
2244;17/04/2025 13:24;60
2245;17/04/2025 13:25;60
2246;17/04/2025 13:26;60
2247;17/04/2025 13:27;60
2248;17/04/2025 13:28;60
2249;17/04/2025 13:29;60
2250;17/04/2025 13:30;60
2251;17/04/2025 13:31;60
2252;17/04/2025 13:32;60
2253;17/04/2025 13:33;60
2254;17/04/2025 13:34;60
2255;17/04/2025 13:35;60
2256;17/04/2025 13:36;60
2257;17/04/2025 13:37;60
2258;17/04/2025 13:38;60
2259;17/04/2025 13:39;60
2260;17/04/2025 13:40;60
2261;17/04/2025 13:41;60
2262;17/04/2025 13:42;60
2263;17/04/2025 13:43;60
2264;17/04/2025 13:44;60
2265;17/04/2025 13:45;60
2266;17/04/2025 13:46;60
2267;17/04/2025 13:47;60
2268;17/04/2025 13:48;60
2269;17/04/2025 13:49;60
2270;17/04/2025 13:50;60
2271;17/04/2025 13:51;60
2272;17/04/2025 13:52;60
2273;17/04/2025 13:53;60
2274;17/04/2025 13:54;60
2275;17/04/2025 13:55;60
2276;17/04/2025 13:56;60
2277;17/04/2025 13:57;60
2278;17/04/2025 13:58;60
2279;17/04/2025 13:59;60
2280;17/04/2025 14:00;60
2281;17/04/2025 14:01;60
2282;17/04/2025 14:02;60
2283;17/04/2025 14:03;60
2284;17/04/2025 14:04;60
2285;17/04/2025 14:05;60
2286;17/04/2025 14:06;60
2287;17/04/2025 14:07;60
2288;17/04/2025 14:08;60
2289;17/04/2025 14:09;60
2290;17/04/2025 14:10;60
2291;17/04/2025 14:11;60
2292;17/04/2025 14:12;60
2293;17/04/2025 14:13;60
2294;17/04/2025 14:14;60
2295;17/04/2025 14:15;60
2296;17/04/2025 14:16;60
2297;17/04/2025 14:17;60
2298;17/04/2025 14:18;60
2299;17/04/2025 14:19;60
2300;17/04/2025 14:20;60
2301;17/04/2025 14:21;60
2302;17/04/2025 14:22;60
2303;17/04/2025 14:23;60
2304;17/04/2025 14:24;60
2305;17/04/2025 14:25;60
2306;17/04/2025 14:26;60
2307;17/04/2025 14:27;60
2308;17/04/2025 14:28;60
2309;17/04/2025 14:29;60
2310;17/04/2025 14:30;60
2311;17/04/2025 14:31;60
2312;17/04/2025 14:32;60
2313;17/04/2025 14:33;60
2314;17/04/2025 14:34;60
2315;17/04/2025 14:35;60
2316;17/04/2025 14:36;60
2317;17/04/2025 14:37;60
2318;17/04/2025 14:38;60
2319;17/04/2025 14:39;60
2320;17/04/2025 14:40;60
2321;17/04/2025 14:41;60
2322;17/04/2025 14:42;60
2323;17/04/2025 14:43;60
2324;17/04/2025 14:44;60
2325;17/04/2025 14:45;60
2326;17/04/2025 14:46;60
2327;17/04/2025 14:47;60
2328;17/04/2025 14:48;60
2329;17/04/2025 14:49;60
2330;17/04/2025 14:50;60
2331;17/04/2025 14:51;60
2332;17/04/2025 14:52;60
2333;17/04/2025 14:53;60
2334;17/04/2025 14:54;60
2335;17/04/2025 14:55;60
2336;17/04/2025 14:56;60
2337;17/04/2025 14:57;60
2338;17/04/2025 14:58;60
2339;17/04/2025 14:59;60
2340;17/04/2025 15:00;60
2341;17/04/2025 15:01;60
2342;17/04/2025 15:02;60
2343;17/04/2025 15:03;60
2344;17/04/2025 15:04;60
2345;17/04/2025 15:05;60
2346;17/04/2025 15:06;60
2347;17/04/2025 15:07;60
2348;17/04/2025 15:08;60
2349;17/04/2025 15:09;60
2350;17/04/2025 15:10;60
2351;17/04/2025 15:11;60
2352;17/04/2025 15:12;60
2353;17/04/2025 15:13;60
2354;17/04/2025 15:14;60
2355;17/04/2025 15:15;60
2356;17/04/2025 15:16;60
2357;17/04/2025 15:17;60
2358;17/04/2025 15:18;60
2359;17/04/2025 15:19;60
2360;17/04/2025 15:20;60
2361;17/04/2025 15:21;60
2362;17/04/2025 15:22;60
2363;17/04/2025 15:23;60
2364;17/04/2025 15:24;60
2365;17/04/2025 15:25;60
2366;17/04/2025 15:26;60
2367;17/04/2025 15:27;60
2368;17/04/2025 15:28;60
2369;17/04/2025 15:29;60
2370;17/04/2025 15:30;60
2371;17/04/2025 15:31;60
2372;17/04/2025 15:32;120
2373;17/04/2025 15:33;120
2374;17/04/2025 15:34;120
2375;17/04/2025 15:35;120
2376;17/04/2025 15:36;120
2377;17/04/2025 15:37;120
2378;17/04/2025 15:38;120
2379;17/04/2025 15:39;120
2380;17/04/2025 15:40;120
2381;17/04/2025 15:41;120
2382;17/04/2025 15:42;120
2383;17/04/2025 15:43;120
2384;17/04/2025 15:44;120
2385;17/04/2025 15:45;120
2386;17/04/2025 15:46;120
2387;17/04/2025 15:47;120
2388;17/04/2025 15:48;120
2389;17/04/2025 15:49;120
2390;17/04/2025 15:50;120
2391;17/04/2025 15:51;120
2392;17/04/2025 15:52;120
2393;17/04/2025 15:53;120
2394;17/04/2025 15:54;120
2395;17/04/2025 15:55;120
2396;17/04/2025 15:56;120
2397;17/04/2025 15:57;120
2398;17/04/2025 15:58;120
2399;17/04/2025 15:59;120
2400;17/04/2025 16:00;120
2401;17/04/2025 16:01;120
2402;17/04/2025 16:02;120
2403;17/04/2025 16:03;120
2404;17/04/2025 16:04;120
2405;17/04/2025 16:05;120
2406;17/04/2025 16:06;120
2407;17/04/2025 16:07;120
2408;17/04/2025 16:08;120
2409;17/04/2025 16:09;120
2410;17/04/2025 16:10;120
2411;17/04/2025 16:11;120
2412;17/04/2025 16:12;120
2413;17/04/2025 16:13;120
2414;17/04/2025 16:14;120
2415;17/04/2025 16:15;120
2416;17/04/2025 16:16;120
2417;17/04/2025 16:17;120
2418;17/04/2025 16:18;120
2419;17/04/2025 16:19;120
2420;17/04/2025 16:20;120
2421;17/04/2025 16:21;120
2422;17/04/2025 16:22;120
2423;17/04/2025 16:23;120
2424;17/04/2025 16:24;120
2425;17/04/2025 16:25;120
2426;17/04/2025 16:26;120
2427;17/04/2025 16:27;120
2428;17/04/2025 16:28;120
2429;17/04/2025 16:29;120
2430;17/04/2025 16:30;120
2431;17/04/2025 16:31;120
2432;17/04/2025 16:32;120
2433;17/04/2025 16:33;120
2434;17/04/2025 16:34;120
2435;17/04/2025 16:35;120
2436;17/04/2025 16:36;120
2437;17/04/2025 16:37;120
2438;17/04/2025 16:38;120
2439;17/04/2025 16:39;120
2440;17/04/2025 16:40;120
2441;17/04/2025 16:41;120
2442;17/04/2025 16:42;120
2443;17/04/2025 16:43;120
2444;17/04/2025 16:44;120
2445;17/04/2025 16:45;120
2446;17/04/2025 16:46;120
2447;17/04/2025 16:47;120
2448;17/04/2025 16:48;120
2449;17/04/2025 16:49;120
2450;17/04/2025 16:50;120
2451;17/04/2025 16:51;60
2452;17/04/2025 16:52;60
2453;17/04/2025 16:53;60
2454;17/04/2025 16:54;60
2455;17/04/2025 16:55;60
2456;17/04/2025 16:56;60
2457;17/04/2025 16:57;60
2458;17/04/2025 16:58;60
2459;17/04/2025 16:59;60
2460;17/04/2025 17:00;60
2461;17/04/2025 17:01;60
2462;17/04/2025 17:02;60
2463;17/04/2025 17:03;60
2464;17/04/2025 17:04;60
2465;17/04/2025 17:05;60
2466;17/04/2025 17:06;60
2467;17/04/2025 17:07;60
2468;17/04/2025 17:08;60
2469;17/04/2025 17:09;60
2470;17/04/2025 17:10;60
2471;17/04/2025 17:11;60
2472;17/04/2025 17:12;60
2473;17/04/2025 17:13;60
2474;17/04/2025 17:14;60
2475;17/04/2025 17:15;60
2476;17/04/2025 17:16;60
2477;17/04/2025 17:17;60
2478;17/04/2025 17:18;60
2479;17/04/2025 17:19;60
2480;17/04/2025 17:20;60
2481;17/04/2025 17:21;60
2482;17/04/2025 17:22;60
2483;17/04/2025 17:23;60
2484;17/04/2025 17:24;60
2485;17/04/2025 17:25;60
2486;17/04/2025 17:26;60
2487;17/04/2025 17:27;60
2488;17/04/2025 17:28;60
2489;17/04/2025 17:29;60
2490;17/04/2025 17:30;60
2491;17/04/2025 17:31;60
2492;17/04/2025 17:32;60
2493;17/04/2025 17:33;60
2494;17/04/2025 17:34;60
2495;17/04/2025 17:35;60
2496;17/04/2025 17:36;60
2497;17/04/2025 17:37;60
2498;17/04/2025 17:38;60
2499;17/04/2025 17:39;60
2500;17/04/2025 17:40;60
2501;17/04/2025 17:41;60
2502;17/04/2025 17:42;60
2503;17/04/2025 17:43;60
2504;17/04/2025 17:44;60
2505;17/04/2025 17:45;60
2506;17/04/2025 17:46;60
2507;17/04/2025 17:47;60
2508;17/04/2025 17:48;60
2509;17/04/2025 17:49;60
2510;17/04/2025 17:50;60
2511;17/04/2025 17:51;60
2512;17/04/2025 17:52;60
2513;17/04/2025 17:53;60
2514;17/04/2025 17:54;60
2515;17/04/2025 17:55;60
2516;17/04/2025 17:56;60
2517;17/04/2025 17:57;60
2518;17/04/2025 17:58;60
2519;17/04/2025 17:59;60
2520;17/04/2025 18:00;60
2521;17/04/2025 18:01;60
2522;17/04/2025 18:02;60
2523;17/04/2025 18:03;60
2524;17/04/2025 18:04;60
2525;17/04/2025 18:05;60
2526;17/04/2025 18:06;60
2527;17/04/2025 18:07;60
2528;17/04/2025 18:08;60
2529;17/04/2025 18:09;60
2530;17/04/2025 18:10;60
2531;17/04/2025 18:11;60
2532;17/04/2025 18:12;60
2533;17/04/2025 18:13;60
2534;17/04/2025 18:14;60
2535;17/04/2025 18:15;60
2536;17/04/2025 18:16;60
2537;17/04/2025 18:17;60
2538;17/04/2025 18:18;60
2539;17/04/2025 18:19;60
2540;17/04/2025 18:20;60
2541;17/04/2025 18:21;60
2542;17/04/2025 18:22;60
2543;17/04/2025 18:23;60
2544;17/04/2025 18:24;60
2545;17/04/2025 18:25;60
2546;17/04/2025 18:26;60
2547;17/04/2025 18:27;60
2548;17/04/2025 18:28;60
2549;17/04/2025 18:29;60
2550;17/04/2025 18:30;60
2551;17/04/2025 18:31;60
2552;17/04/2025 18:32;60
2553;17/04/2025 18:33;60
2554;17/04/2025 18:34;60
2555;17/04/2025 18:35;60
2556;17/04/2025 18:36;60
2557;17/04/2025 18:37;60
2558;17/04/2025 18:38;60
2559;17/04/2025 18:39;60
2560;17/04/2025 18:40;60
2561;17/04/2025 18:41;60
2562;17/04/2025 18:42;60
2563;17/04/2025 18:43;60
2564;17/04/2025 18:44;60
2565;17/04/2025 18:45;60
2566;17/04/2025 18:46;60
2567;17/04/2025 18:47;60
2568;17/04/2025 18:48;60
2569;17/04/2025 18:49;60
2570;17/04/2025 18:50;60
2571;17/04/2025 18:51;60
2572;17/04/2025 18:52;60
2573;17/04/2025 18:53;60
2574;17/04/2025 18:54;60
2575;17/04/2025 18:55;60
2576;17/04/2025 18:56;0
2577;17/04/2025 18:57;0
2578;17/04/2025 18:58;0
2579;17/04/2025 18:59;0
2580;17/04/2025 19:00;0
2581;17/04/2025 19:01;0
2582;17/04/2025 19:02;0
2583;17/04/2025 19:03;0
2584;17/04/2025 19:04;0
2585;17/04/2025 19:05;0
2586;17/04/2025 19:06;0
2587;17/04/2025 19:07;0
2588;17/04/2025 19:08;0
2589;17/04/2025 19:09;0
2590;17/04/2025 19:10;0
2591;17/04/2025 19:11;0
2592;17/04/2025 19:12;0
2593;17/04/2025 19:13;0
2594;17/04/2025 19:14;0
2595;17/04/2025 19:15;0
2596;17/04/2025 19:16;0
2597;17/04/2025 19:17;0
2598;17/04/2025 19:18;0
2599;17/04/2025 19:19;0
2600;17/04/2025 19:20;0
2601;17/04/2025 19:21;0
2602;17/04/2025 19:22;0
2603;17/04/2025 19:23;0
2604;17/04/2025 19:24;0
2605;17/04/2025 19:25;0
2606;17/04/2025 19:26;0
2607;17/04/2025 19:27;0
2608;17/04/2025 19:28;0
2609;17/04/2025 19:29;0
2610;17/04/2025 19:30;0
2611;17/04/2025 19:31;0
2612;17/04/2025 19:32;0
2613;17/04/2025 19:33;0
2614;17/04/2025 19:34;0
2615;17/04/2025 19:35;0
2616;17/04/2025 19:36;0
2617;17/04/2025 19:37;0
2618;17/04/2025 19:38;0
2619;17/04/2025 19:39;0
2620;17/04/2025 19:40;0
2621;17/04/2025 19:41;0
2622;17/04/2025 19:42;0
2623;17/04/2025 19:43;0
2624;17/04/2025 19:44;0
2625;17/04/2025 19:45;0
2626;17/04/2025 19:46;0
2627;17/04/2025 19:47;0
2628;17/04/2025 19:48;0
2629;17/04/2025 19:49;0
2630;17/04/2025 19:50;0
2631;17/04/2025 19:51;0
2632;17/04/2025 19:52;0
2633;17/04/2025 19:53;0
2634;17/04/2025 19:54;0
2635;17/04/2025 19:55;0
2636;17/04/2025 19:56;0
2637;17/04/2025 19:57;0
2638;17/04/2025 19:58;0
2639;17/04/2025 19:59;0
2640;17/04/2025 20:00;0
2641;17/04/2025 20:01;0
2642;17/04/2025 20:02;0
2643;17/04/2025 20:03;0
2644;17/04/2025 20:04;0
2645;17/04/2025 20:05;0
2646;17/04/2025 20:06;0
2647;17/04/2025 20:07;0
2648;17/04/2025 20:08;0
2649;17/04/2025 20:09;0
2650;17/04/2025 20:10;0
2651;17/04/2025 20:11;0
2652;17/04/2025 20:12;0
2653;17/04/2025 20:13;0
2654;17/04/2025 20:14;0
2655;17/04/2025 20:15;0
2656;17/04/2025 20:16;0
2657;17/04/2025 20:17;0
2658;17/04/2025 20:18;0
2659;17/04/2025 20:19;0
2660;17/04/2025 20:20;0
2661;17/04/2025 20:21;0
2662;17/04/2025 20:22;0
2663;17/04/2025 20:23;0
2664;17/04/2025 20:24;0
2665;17/04/2025 20:25;0
2666;17/04/2025 20:26;0
2667;17/04/2025 20:27;0
2668;17/04/2025 20:28;0
2669;17/04/2025 20:29;0
2670;17/04/2025 20:30;0
2671;17/04/2025 20:31;0
2672;17/04/2025 20:32;0
2673;17/04/2025 20:33;0
2674;17/04/2025 20:34;0
2675;17/04/2025 20:35;0
2676;17/04/2025 20:36;0
2677;17/04/2025 20:37;0
2678;17/04/2025 20:38;0
2679;17/04/2025 20:39;0
2680;17/04/2025 20:40;0
2681;17/04/2025 20:41;0
2682;17/04/2025 20:42;0
2683;17/04/2025 20:43;0
2684;17/04/2025 20:44;0
2685;17/04/2025 20:45;0
2686;17/04/2025 20:46;0
2687;17/04/2025 20:47;0
2688;17/04/2025 20:48;0
2689;17/04/2025 20:49;0
2690;17/04/2025 20:50;0
2691;17/04/2025 20:51;0
2692;17/04/2025 20:52;0
2693;17/04/2025 20:53;0
2694;17/04/2025 20:54;0
2695;17/04/2025 20:55;0
2696;17/04/2025 20:56;0
2697;17/04/2025 20:57;0
2698;17/04/2025 20:58;0
2699;17/04/2025 20:59;0
2700;17/04/2025 21:00;0
2701;17/04/2025 21:01;0
2702;17/04/2025 21:02;0
2703;17/04/2025 21:03;0
2704;17/04/2025 21:04;0
2705;17/04/2025 21:05;0
2706;17/04/2025 21:06;0
2707;17/04/2025 21:07;0
2708;17/04/2025 21:08;0
2709;17/04/2025 21:09;0
2710;17/04/2025 21:10;0
2711;17/04/2025 21:11;0
2712;17/04/2025 21:12;0
2713;17/04/2025 21:13;0
2714;17/04/2025 21:14;0
2715;17/04/2025 21:15;0
2716;17/04/2025 21:16;0
2717;17/04/2025 21:17;0
2718;17/04/2025 21:18;0
2719;17/04/2025 21:19;0
2720;17/04/2025 21:20;0
2721;17/04/2025 21:21;0
2722;17/04/2025 21:22;0
2723;17/04/2025 21:23;0
2724;17/04/2025 21:24;0
2725;17/04/2025 21:25;0
2726;17/04/2025 21:26;0
2727;17/04/2025 21:27;0
2728;17/04/2025 21:28;0
2729;17/04/2025 21:29;0
2730;17/04/2025 21:30;0
2731;17/04/2025 21:31;0
2732;17/04/2025 21:32;0
2733;17/04/2025 21:33;0
2734;17/04/2025 21:34;0
2735;17/04/2025 21:35;0
2736;17/04/2025 21:36;0
2737;17/04/2025 21:37;0
2738;17/04/2025 21:38;0
2739;17/04/2025 21:39;0
2740;17/04/2025 21:40;0
2741;17/04/2025 21:41;0
2742;17/04/2025 21:42;0
2743;17/04/2025 21:43;0
2744;17/04/2025 21:44;0
2745;17/04/2025 21:45;0
2746;17/04/2025 21:46;0
2747;17/04/2025 21:47;0
2748;17/04/2025 21:48;0
2749;17/04/2025 21:49;0
2750;17/04/2025 21:50;0
2751;17/04/2025 21:51;0
2752;17/04/2025 21:52;0
2753;17/04/2025 21:53;0
2754;17/04/2025 21:54;0
2755;17/04/2025 21:55;0
2756;17/04/2025 21:56;0
2757;17/04/2025 21:57;0
2758;17/04/2025 21:58;0
2759;17/04/2025 21:59;0
2760;17/04/2025 22:00;0
2761;17/04/2025 22:01;0
2762;17/04/2025 22:02;0
2763;17/04/2025 22:03;0
2764;17/04/2025 22:04;0
2765;17/04/2025 22:05;0
2766;17/04/2025 22:06;0
2767;17/04/2025 22:07;0
2768;17/04/2025 22:08;0
2769;17/04/2025 22:09;0
2770;17/04/2025 22:10;0
2771;17/04/2025 22:11;0
2772;17/04/2025 22:12;0
2773;17/04/2025 22:13;0
2774;17/04/2025 22:14;0
2775;17/04/2025 22:15;0
2776;17/04/2025 22:16;0
2777;17/04/2025 22:17;0
2778;17/04/2025 22:18;0
2779;17/04/2025 22:19;0
2780;17/04/2025 22:20;0
2781;17/04/2025 22:21;0
2782;17/04/2025 22:22;0
2783;17/04/2025 22:23;0
2784;17/04/2025 22:24;0
2785;17/04/2025 22:25;0
2786;17/04/2025 22:26;0
2787;17/04/2025 22:27;0
2788;17/04/2025 22:28;0
2789;17/04/2025 22:29;0
2790;17/04/2025 22:30;0
2791;17/04/2025 22:31;0
2792;17/04/2025 22:32;0
2793;17/04/2025 22:33;0
2794;17/04/2025 22:34;0
2795;17/04/2025 22:35;0
2796;17/04/2025 22:36;0
2797;17/04/2025 22:37;0
2798;17/04/2025 22:38;0
2799;17/04/2025 22:39;0
2800;17/04/2025 22:40;0
2801;17/04/2025 22:41;0
2802;17/04/2025 22:42;0
2803;17/04/2025 22:43;0
2804;17/04/2025 22:44;0
2805;17/04/2025 22:45;0
2806;17/04/2025 22:46;0
2807;17/04/2025 22:47;0
2808;17/04/2025 22:48;0
2809;17/04/2025 22:49;0
2810;17/04/2025 22:50;0
2811;17/04/2025 22:51;0
2812;17/04/2025 22:52;0
2813;17/04/2025 22:53;0
2814;17/04/2025 22:54;0
2815;17/04/2025 22:55;0
2816;17/04/2025 22:56;0
2817;17/04/2025 22:57;0
2818;17/04/2025 22:58;0
2819;17/04/2025 22:59;0
2820;17/04/2025 23:00;0
2821;17/04/2025 23:01;0
2822;17/04/2025 23:02;0
2823;17/04/2025 23:03;0
2824;17/04/2025 23:04;0
2825;17/04/2025 23:05;60
2826;17/04/2025 23:06;60
2827;17/04/2025 23:07;60
2828;17/04/2025 23:08;60
2829;17/04/2025 23:09;60
2830;17/04/2025 23:10;60
2831;17/04/2025 23:11;60
2832;17/04/2025 23:12;60
2833;17/04/2025 23:13;60
2834;17/04/2025 23:14;60
2835;17/04/2025 23:15;60
2836;17/04/2025 23:16;60
2837;17/04/2025 23:17;60
2838;17/04/2025 23:18;60
2839;17/04/2025 23:19;60
2840;17/04/2025 23:20;60
2841;17/04/2025 23:21;60
2842;17/04/2025 23:22;60
2843;17/04/2025 23:23;60
2844;17/04/2025 23:24;60
2845;17/04/2025 23:25;60
2846;17/04/2025 23:26;60
2847;17/04/2025 23:27;60
2848;17/04/2025 23:28;60
2849;17/04/2025 23:29;60
2850;17/04/2025 23:30;60
2851;17/04/2025 23:31;60
2852;17/04/2025 23:32;60
2853;17/04/2025 23:33;60
2854;17/04/2025 23:34;60
2855;17/04/2025 23:35;60
2856;17/04/2025 23:36;60
2857;17/04/2025 23:37;60
2858;17/04/2025 23:38;60
2859;17/04/2025 23:39;60
2860;17/04/2025 23:40;60
2861;17/04/2025 23:41;60
2862;17/04/2025 23:42;60
2863;17/04/2025 23:43;60
2864;17/04/2025 23:44;60
2865;17/04/2025 23:45;60
2866;17/04/2025 23:46;60
2867;17/04/2025 23:47;60
2868;17/04/2025 23:48;60
2869;17/04/2025 23:49;60
2870;17/04/2025 23:50;60
2871;17/04/2025 23:51;60
2872;17/04/2025 23:52;60
2873;17/04/2025 23:53;60
2874;17/04/2025 23:54;60
2875;17/04/2025 23:55;60
2876;17/04/2025 23:56;60
2877;17/04/2025 23:57;60
2878;17/04/2025 23:58;60
2879;17/04/2025 23:59;60
